name,partition,dataset,source_id,speaker_id
evaluation-rir,evaluation,motus,motus_0002_3_raw_rirs,
evaluation-rir,evaluation,motus,motus_0003_1_raw_rirs,
evaluation-rir,evaluation,motus,motus_0003_3_raw_rirs,
evaluation-rir,evaluation,motus,motus_0005_2_raw_rirs,
evaluation-rir,evaluation,motus,motus_0006_1_raw_rirs,
evaluation-rir,evaluation,motus,motus_0006_2_raw_rirs,
evaluation-rir,evaluation,motus,motus_0009_1_raw_rirs,
evaluation-rir,evaluation,motus,motus_0010_3_raw_rirs,
evaluation-rir,evaluation,motus,motus_0014_1_raw_rirs,
evaluation-rir,evaluation,motus,motus_0020_3_raw_rirs,
evaluation-rir,evaluation,motus,motus_0021_2_raw_rirs,
evaluation-rir,evaluation,motus,motus_0021_3_raw_rirs,
evaluation-rir,evaluation,motus,motus_0023_2_raw_rirs,
evaluation-rir,evaluation,motus,motus_0028_2_raw_rirs,
evaluation-rir,evaluation,motus,motus_0030_1_raw_rirs,
evaluation-rir,evaluation,motus,motus_0032_3_raw_rirs,
evaluation-rir,evaluation,motus,motus_0034_1_raw_rirs,
evaluation-rir,evaluation,motus,motus_0036_3_raw_rirs,
evaluation-rir,evaluation,motus,motus_0040_2_raw_rirs,
evaluation-rir,evaluation,motus,motus_0041_1_raw_rirs,
evaluation-rir,evaluation,motus,motus_0042_1_raw_rirs,
evaluation-rir,evaluation,motus,motus_0042_3_raw_rirs,
evaluation-rir,evaluation,motus,motus_0043_1_raw_rirs,
evaluation-rir,evaluation,motus,motus_0047_1_raw_rirs,
evaluation-rir,evaluation,motus,motus_0051_2_raw_rirs,
evaluation-rir,evaluation,motus,motus_0052_1_raw_rirs,
evaluation-rir,evaluation,motus,motus_0053_1_raw_rirs,
evaluation-rir,evaluation,motus,motus_0053_2_raw_rirs,
evaluation-rir,evaluation,motus,motus_0054_1_raw_rirs,
evaluation-rir,evaluation,motus,motus_0059_1_raw_rirs,
evaluation-rir,evaluation,motus,motus_0067_1_raw_rirs,
evaluation-rir,evaluation,motus,motus_0068_1_raw_rirs,
evaluation-rir,evaluation,motus,motus_0071_1_raw_rirs,
evaluation-rir,evaluation,motus,motus_0071_2_raw_rirs,
evaluation-rir,evaluation,motus,motus_0074_2_raw_rirs,
evaluation-rir,evaluation,motus,motus_0076_2_raw_rirs,
evaluation-rir,evaluation,motus,motus_0077_1_raw_rirs,
evaluation-rir,evaluation,motus,motus_0078_3_raw_rirs,
evaluation-rir,evaluation,motus,motus_0082_2_raw_rirs,
evaluation-rir,evaluation,motus,motus_0086_1_raw_rirs,
evaluation-rir,evaluation,motus,motus_0091_1_raw_rirs,
evaluation-rir,evaluation,motus,motus_0096_3_raw_rirs,
evaluation-rir,evaluation,motus,motus_0098_1_raw_rirs,
evaluation-rir,evaluation,motus,motus_0100_3_raw_rirs,
evaluation-rir,evaluation,motus,motus_0103_2_raw_rirs,
evaluation-rir,evaluation,motus,motus_0112_2_raw_rirs,
evaluation-rir,evaluation,motus,motus_0119_1_raw_rirs,
evaluation-rir,evaluation,motus,motus_0120_1_raw_rirs,
evaluation-rir,evaluation,motus,motus_0123_1_raw_rirs,
evaluation-rir,evaluation,motus,motus_0133_1_raw_rirs,
evaluation-rir,evaluation,motus,motus_0136_1_raw_rirs,
evaluation-rir,evaluation,motus,motus_0136_2_raw_rirs,
evaluation-rir,evaluation,motus,motus_0137_3_raw_rirs,
evaluation-rir,evaluation,motus,motus_0140_1_raw_rirs,
evaluation-rir,evaluation,motus,motus_0142_2_raw_rirs,
evaluation-rir,evaluation,motus,motus_0143_1_raw_rirs,
evaluation-rir,evaluation,motus,motus_0147_1_raw_rirs,
evaluation-rir,evaluation,motus,motus_0155_2_raw_rirs,
evaluation-rir,evaluation,motus,motus_0157_3_raw_rirs,
evaluation-rir,evaluation,motus,motus_0165_1_raw_rirs,
evaluation-rir,evaluation,motus,motus_0165_3_raw_rirs,
evaluation-rir,evaluation,motus,motus_0167_1_raw_rirs,
evaluation-rir,evaluation,motus,motus_0167_3_raw_rirs,
evaluation-rir,evaluation,motus,motus_0171_1_raw_rirs,
evaluation-rir,evaluation,motus,motus_0173_2_raw_rirs,
evaluation-rir,evaluation,motus,motus_0176_1_raw_rirs,
evaluation-rir,evaluation,motus,motus_0177_2_raw_rirs,
evaluation-rir,evaluation,motus,motus_0180_1_raw_rirs,
evaluation-rir,evaluation,motus,motus_0190_2_raw_rirs,
evaluation-rir,evaluation,motus,motus_0191_1_raw_rirs,
evaluation-rir,evaluation,motus,motus_0192_1_raw_rirs,
evaluation-rir,evaluation,motus,motus_0192_3_raw_rirs,
evaluation-rir,evaluation,motus,motus_0198_1_raw_rirs,
evaluation-rir,evaluation,motus,motus_0198_4_raw_rirs,
evaluation-rir,evaluation,motus,motus_0199_2_raw_rirs,
evaluation-rir,evaluation,motus,motus_0200_3_raw_rirs,
evaluation-rir,evaluation,motus,motus_0201_1_raw_rirs,
evaluation-rir,evaluation,motus,motus_0202_1_raw_rirs,
evaluation-rir,evaluation,motus,motus_0203_1_raw_rirs,
evaluation-rir,evaluation,motus,motus_0204_1_raw_rirs,
evaluation-rir,evaluation,motus,motus_0205_1_raw_rirs,
evaluation-rir,evaluation,motus,motus_0207_2_raw_rirs,
evaluation-rir,evaluation,motus,motus_0212_1_raw_rirs,
evaluation-rir,evaluation,motus,motus_0216_3_raw_rirs,
evaluation-rir,evaluation,motus,motus_0220_2_raw_rirs,
evaluation-rir,evaluation,motus,motus_0221_3_raw_rirs,
evaluation-rir,evaluation,motus,motus_0222_2_raw_rirs,
evaluation-rir,evaluation,motus,motus_0225_1_raw_rirs,
evaluation-rir,evaluation,motus,motus_0225_2_raw_rirs,
evaluation-rir,evaluation,motus,motus_0226_2_raw_rirs,
evaluation-rir,evaluation,motus,motus_0228_1_raw_rirs,
evaluation-rir,evaluation,motus,motus_0233_3_raw_rirs,
evaluation-rir,evaluation,motus,motus_0235_1_raw_rirs,
evaluation-rir,evaluation,motus,motus_0235_3_raw_rirs,
evaluation-rir,evaluation,motus,motus_0239_2_raw_rirs,
evaluation-rir,evaluation,motus,motus_0241_2_raw_rirs,
evaluation-rir,evaluation,motus,motus_0245_1_raw_rirs,
evaluation-rir,evaluation,motus,motus_0253_2_raw_rirs,
evaluation-rir,evaluation,motus,motus_0254_1_raw_rirs,
evaluation-rir,evaluation,motus,motus_0258_1_raw_rirs,
evaluation-rir,evaluation,motus,motus_0259_1_raw_rirs,
evaluation-rir,evaluation,motus,motus_0259_3_raw_rirs,
evaluation-rir,evaluation,motus,motus_0263_1_raw_rirs,
evaluation-rir,evaluation,motus,motus_0263_2_raw_rirs,
evaluation-rir,evaluation,motus,motus_0264_1_raw_rirs,
evaluation-rir,evaluation,motus,motus_0265_2_raw_rirs,
evaluation-rir,evaluation,motus,motus_0269_3_raw_rirs,
evaluation-rir,evaluation,motus,motus_0280_1_raw_rirs,
evaluation-rir,evaluation,motus,motus_0284_3_raw_rirs,
evaluation-rir,evaluation,motus,motus_0289_4_raw_rirs,
evaluation-rir,evaluation,motus,motus_0293_1_raw_rirs,
evaluation-rir,evaluation,motus,motus_0295_3_raw_rirs,
evaluation-rir,evaluation,motus,motus_0296_1_raw_rirs,
evaluation-rir,evaluation,motus,motus_0301_2_raw_rirs,
evaluation-rir,evaluation,motus,motus_0302_4_raw_rirs,
evaluation-rir,evaluation,motus,motus_0307_1_raw_rirs,
evaluation-rir,evaluation,motus,motus_0308_2_raw_rirs,
evaluation-rir,evaluation,motus,motus_0310_1_raw_rirs,
evaluation-rir,evaluation,motus,motus_0311_1_raw_rirs,
evaluation-rir,evaluation,motus,motus_0311_3_raw_rirs,
evaluation-rir,evaluation,motus,motus_0312_1_raw_rirs,
evaluation-rir,evaluation,motus,motus_0313_3_raw_rirs,
evaluation-rir,evaluation,motus,motus_0316_1_raw_rirs,
evaluation-rir,evaluation,motus,motus_0316_4_raw_rirs,
evaluation-rir,evaluation,motus,motus_0317_1_raw_rirs,
evaluation-rir,evaluation,motus,motus_0319_1_raw_rirs,
evaluation-rir,evaluation,motus,motus_0319_3_raw_rirs,
evaluation-rir,evaluation,motus,motus_0321_1_raw_rirs,
evaluation-rir,evaluation,motus,motus_0321_4_raw_rirs,
evaluation-rir,evaluation,motus,motus_0323_1_raw_rirs,
evaluation-rir,evaluation,motus,motus_0326_1_raw_rirs,
evaluation-rir,evaluation,motus,motus_0328_1_raw_rirs,
evaluation-rir,evaluation,motus,motus_0329_1_raw_rirs,
evaluation-rir,evaluation,motus,motus_0334_1_raw_rirs,
evaluation-rir,evaluation,motus,motus_0335_2_raw_rirs,
evaluation-rir,evaluation,motus,motus_0340_1_raw_rirs,
evaluation-rir,evaluation,motus,motus_0342_1_raw_rirs,
evaluation-rir,evaluation,motus,motus_0344_2_raw_rirs,
evaluation-rir,evaluation,motus,motus_0345_1_raw_rirs,
evaluation-rir,evaluation,motus,motus_0348_1_raw_rirs,
evaluation-rir,evaluation,motus,motus_0349_2_raw_rirs,
evaluation-rir,evaluation,motus,motus_0350_2_raw_rirs,
evaluation-rir,evaluation,motus,motus_0352_1_raw_rirs,
evaluation-rir,evaluation,motus,motus_0354_1_raw_rirs,
evaluation-rir,evaluation,motus,motus_0355_3_raw_rirs,
evaluation-rir,evaluation,motus,motus_0357_1_raw_rirs,
evaluation-rir,evaluation,motus,motus_0361_1_raw_rirs,
evaluation-rir,evaluation,motus,motus_0367_1_raw_rirs,
evaluation-rir,evaluation,motus,motus_0368_2_raw_rirs,
evaluation-rir,evaluation,motus,motus_0371_1_raw_rirs,
evaluation-rir,evaluation,motus,motus_0376_1_raw_rirs,
evaluation-rir,evaluation,motus,motus_0376_3_raw_rirs,
evaluation-rir,evaluation,motus,motus_0378_3_raw_rirs,
evaluation-rir,evaluation,motus,motus_0380_3_raw_rirs,
evaluation-rir,evaluation,motus,motus_0383_3_raw_rirs,
evaluation-rir,evaluation,motus,motus_0384_2_raw_rirs,
evaluation-rir,evaluation,motus,motus_0385_1_raw_rirs,
evaluation-rir,evaluation,motus,motus_0385_3_raw_rirs,
evaluation-rir,evaluation,motus,motus_0387_1_raw_rirs,
evaluation-rir,evaluation,motus,motus_0388_3_raw_rirs,
evaluation-rir,evaluation,motus,motus_0392_1_raw_rirs,
evaluation-rir,evaluation,motus,motus_0394_1_raw_rirs,
evaluation-rir,evaluation,motus,motus_0396_3_raw_rirs,
evaluation-rir,evaluation,motus,motus_0398_1_raw_rirs,
evaluation-rir,evaluation,motus,motus_0398_2_raw_rirs,
evaluation-rir,evaluation,motus,motus_0400_1_raw_rirs,
evaluation-rir,evaluation,motus,motus_0403_1_raw_rirs,
evaluation-rir,evaluation,motus,motus_0403_3_raw_rirs,
evaluation-rir,evaluation,motus,motus_0405_2_raw_rirs,
evaluation-rir,evaluation,motus,motus_0406_1_raw_rirs,
evaluation-rir,evaluation,motus,motus_0407_2_raw_rirs,
evaluation-rir,evaluation,motus,motus_0408_2_raw_rirs,
evaluation-rir,evaluation,motus,motus_0411_1_raw_rirs,
evaluation-rir,evaluation,motus,motus_0415_2_raw_rirs,
evaluation-rir,evaluation,motus,motus_0418_2_raw_rirs,
evaluation-rir,evaluation,motus,motus_0420_1_raw_rirs,
evaluation-rir,evaluation,motus,motus_0423_1_raw_rirs,
evaluation-rir,evaluation,motus,motus_0424_3_raw_rirs,
evaluation-rir,evaluation,motus,motus_0425_1_raw_rirs,
evaluation-rir,evaluation,motus,motus_0426_2_raw_rirs,
evaluation-rir,evaluation,motus,motus_0427_1_raw_rirs,
evaluation-rir,evaluation,motus,motus_0431_1_raw_rirs,
evaluation-rir,evaluation,motus,motus_0436_3_raw_rirs,
evaluation-rir,evaluation,motus,motus_0441_2_raw_rirs,
evaluation-rir,evaluation,motus,motus_0442_1_raw_rirs,
evaluation-rir,evaluation,motus,motus_0442_2_raw_rirs,
evaluation-rir,evaluation,motus,motus_0444_1_raw_rirs,
evaluation-rir,evaluation,motus,motus_0447_1_raw_rirs,
evaluation-rir,evaluation,motus,motus_0448_1_raw_rirs,
evaluation-rir,evaluation,motus,motus_0449_1_raw_rirs,
evaluation-rir,evaluation,motus,motus_0451_1_raw_rirs,
evaluation-rir,evaluation,motus,motus_0456_2_raw_rirs,
evaluation-rir,evaluation,motus,motus_0463_1_raw_rirs,
evaluation-rir,evaluation,motus,motus_0464_2_raw_rirs,
evaluation-rir,evaluation,motus,motus_0467_2_raw_rirs,
evaluation-rir,evaluation,motus,motus_0470_3_raw_rirs,
evaluation-rir,evaluation,motus,motus_0472_2_raw_rirs,
evaluation-rir,evaluation,motus,motus_0479_1_raw_rirs,
evaluation-rir,evaluation,motus,motus_0482_3_raw_rirs,
evaluation-rir,evaluation,motus,motus_0484_3_raw_rirs,
evaluation-rir,evaluation,motus,motus_0486_1_raw_rirs,
evaluation-rir,evaluation,motus,motus_0489_2_raw_rirs,
evaluation-rir,evaluation,motus,motus_0489_3_raw_rirs,
evaluation-rir,evaluation,motus,motus_0494_1_raw_rirs,
evaluation-rir,evaluation,motus,motus_0495_3_raw_rirs,
evaluation-rir,evaluation,motus,motus_0501_1_raw_rirs,
evaluation-rir,evaluation,motus,motus_0503_1_raw_rirs,
evaluation-rir,evaluation,motus,motus_0509_3_raw_rirs,
evaluation-rir,evaluation,motus,motus_0510_1_raw_rirs,
evaluation-rir,evaluation,motus,motus_0512_1_raw_rirs,
evaluation-rir,evaluation,motus,motus_0515_3_raw_rirs,
evaluation-rir,evaluation,motus,motus_0518_3_raw_rirs,
evaluation-rir,evaluation,motus,motus_0521_2_raw_rirs,
evaluation-rir,evaluation,motus,motus_0521_3_raw_rirs,
evaluation-rir,evaluation,motus,motus_0523_1_raw_rirs,
evaluation-rir,evaluation,motus,motus_0526_3_raw_rirs,
evaluation-rir,evaluation,motus,motus_0527_1_raw_rirs,
evaluation-rir,evaluation,motus,motus_0527_2_raw_rirs,
evaluation-rir,evaluation,motus,motus_0530_1_raw_rirs,
evaluation-rir,evaluation,motus,motus_0531_1_raw_rirs,
evaluation-rir,evaluation,motus,motus_0533_1_raw_rirs,
evaluation-rir,evaluation,motus,motus_0534_2_raw_rirs,
evaluation-rir,evaluation,motus,motus_0536_1_raw_rirs,
evaluation-rir,evaluation,motus,motus_0537_2_raw_rirs,
evaluation-rir,evaluation,motus,motus_0538_1_raw_rirs,
evaluation-rir,evaluation,motus,motus_0538_3_raw_rirs,
evaluation-rir,evaluation,motus,motus_0541_1_raw_rirs,
evaluation-rir,evaluation,motus,motus_0542_1_raw_rirs,
evaluation-rir,evaluation,motus,motus_0546_1_raw_rirs,
evaluation-rir,evaluation,motus,motus_0547_1_raw_rirs,
evaluation-rir,evaluation,motus,motus_0551_3_raw_rirs,
evaluation-rir,evaluation,motus,motus_0558_3_raw_rirs,
evaluation-rir,evaluation,motus,motus_0559_3_raw_rirs,
evaluation-rir,evaluation,motus,motus_0563_2_raw_rirs,
evaluation-rir,evaluation,motus,motus_0565_1_raw_rirs,
evaluation-rir,evaluation,motus,motus_0567_1_raw_rirs,
evaluation-rir,evaluation,motus,motus_0572_1_raw_rirs,
evaluation-rir,evaluation,motus,motus_0573_2_raw_rirs,
evaluation-rir,evaluation,motus,motus_0574_1_raw_rirs,
evaluation-rir,evaluation,motus,motus_0574_2_raw_rirs,
evaluation-rir,evaluation,motus,motus_0576_1_raw_rirs,
evaluation-rir,evaluation,motus,motus_0580_2_raw_rirs,
evaluation-rir,evaluation,motus,motus_0582_1_raw_rirs,
evaluation-rir,evaluation,motus,motus_0584_1_raw_rirs,
evaluation-rir,evaluation,motus,motus_0587_1_raw_rirs,
evaluation-rir,evaluation,motus,motus_0589_3_raw_rirs,
evaluation-rir,evaluation,motus,motus_0592_1_raw_rirs,
evaluation-rir,evaluation,motus,motus_0594_3_raw_rirs,
evaluation-rir,evaluation,motus,motus_0595_3_raw_rirs,
evaluation-rir,evaluation,motus,motus_0597_1_raw_rirs,
evaluation-rir,evaluation,motus,motus_0601_3_raw_rirs,
evaluation-rir,evaluation,motus,motus_0603_1_raw_rirs,
evaluation-rir,evaluation,motus,motus_0605_1_raw_rirs,
evaluation-rir,evaluation,motus,motus_0607_1_raw_rirs,
evaluation-rir,evaluation,motus,motus_0613_3_raw_rirs,
evaluation-rir,evaluation,motus,motus_0618_1_raw_rirs,
evaluation-rir,evaluation,motus,motus_0621_2_raw_rirs,
evaluation-rir,evaluation,motus,motus_0623_2_raw_rirs,
evaluation-rir,evaluation,motus,motus_0624_1_raw_rirs,
evaluation-rir,evaluation,motus,motus_0624_4_raw_rirs,
evaluation-rir,evaluation,motus,motus_0625_1_raw_rirs,
evaluation-rir,evaluation,motus,motus_0627_2_raw_rirs,
evaluation-rir,evaluation,motus,motus_0628_1_raw_rirs,
evaluation-rir,evaluation,motus,motus_0628_2_raw_rirs,
evaluation-rir,evaluation,motus,motus_0628_3_raw_rirs,
evaluation-rir,evaluation,motus,motus_0630_3_raw_rirs,
evaluation-rir,evaluation,motus,motus_0631_1_raw_rirs,
evaluation-rir,evaluation,motus,motus_0632_3_raw_rirs,
evaluation-rir,evaluation,motus,motus_0633_1_raw_rirs,
evaluation-rir,evaluation,motus,motus_0634_1_raw_rirs,
evaluation-rir,evaluation,motus,motus_0635_1_raw_rirs,
evaluation-rir,evaluation,motus,motus_0637_1_raw_rirs,
evaluation-rir,evaluation,motus,motus_0639_2_raw_rirs,
evaluation-rir,evaluation,motus,motus_0640_3_raw_rirs,
evaluation-rir,evaluation,motus,motus_0643_1_raw_rirs,
evaluation-rir,evaluation,motus,motus_0644_3_raw_rirs,
evaluation-rir,evaluation,motus,motus_0645_1_raw_rirs,
evaluation-rir,evaluation,motus,motus_0650_1_raw_rirs,
evaluation-rir,evaluation,motus,motus_0651_3_raw_rirs,
evaluation-rir,evaluation,motus,motus_0653_2_raw_rirs,
evaluation-rir,evaluation,motus,motus_0654_2_raw_rirs,
evaluation-rir,evaluation,motus,motus_0656_1_raw_rirs,
evaluation-rir,evaluation,motus,motus_0656_3_raw_rirs,
evaluation-rir,evaluation,motus,motus_0661_1_raw_rirs,
evaluation-rir,evaluation,motus,motus_0663_1_raw_rirs,
evaluation-rir,evaluation,motus,motus_0663_2_raw_rirs,
evaluation-rir,evaluation,motus,motus_0665_3_raw_rirs,
evaluation-rir,evaluation,motus,motus_0668_1_raw_rirs,
evaluation-rir,evaluation,motus,motus_0671_1_raw_rirs,
evaluation-rir,evaluation,motus,motus_0671_3_raw_rirs,
evaluation-rir,evaluation,motus,motus_0679_1_raw_rirs,
evaluation-rir,evaluation,motus,motus_0680_1_raw_rirs,
evaluation-rir,evaluation,motus,motus_0680_3_raw_rirs,
evaluation-rir,evaluation,motus,motus_0682_1_raw_rirs,
evaluation-rir,evaluation,motus,motus_0683_1_raw_rirs,
evaluation-rir,evaluation,motus,motus_0685_1_raw_rirs,
evaluation-rir,evaluation,motus,motus_0690_1_raw_rirs,
evaluation-rir,evaluation,motus,motus_0692_2_raw_rirs,
evaluation-rir,evaluation,motus,motus_0693_3_raw_rirs,
evaluation-rir,evaluation,motus,motus_0695_1_raw_rirs,
evaluation-rir,evaluation,motus,motus_0695_3_raw_rirs,
evaluation-rir,evaluation,motus,motus_0696_2_raw_rirs,
evaluation-rir,evaluation,motus,motus_0698_1_raw_rirs,
evaluation-rir,evaluation,motus,motus_0699_1_raw_rirs,
evaluation-rir,evaluation,motus,motus_0700_1_raw_rirs,
evaluation-rir,evaluation,motus,motus_0701_2_raw_rirs,
evaluation-rir,evaluation,motus,motus_0704_1_raw_rirs,
evaluation-rir,evaluation,motus,motus_0704_3_raw_rirs,
evaluation-rir,evaluation,motus,motus_0707_1_raw_rirs,
evaluation-rir,evaluation,motus,motus_0709_2_raw_rirs,
evaluation-rir,evaluation,motus,motus_0713_3_raw_rirs,
evaluation-rir,evaluation,motus,motus_0715_1_raw_rirs,
evaluation-rir,evaluation,motus,motus_0716_2_raw_rirs,
evaluation-rir,evaluation,motus,motus_0719_1_raw_rirs,
evaluation-rir,evaluation,motus,motus_0720_1_raw_rirs,
evaluation-rir,evaluation,motus,motus_0721_1_raw_rirs,
evaluation-rir,evaluation,motus,motus_0722_1_raw_rirs,
evaluation-rir,evaluation,motus,motus_0724_3_raw_rirs,
evaluation-rir,evaluation,motus,motus_0730_1_raw_rirs,
evaluation-rir,evaluation,motus,motus_0731_3_raw_rirs,
evaluation-rir,evaluation,motus,motus_0732_2_raw_rirs,
evaluation-rir,evaluation,motus,motus_0733_1_raw_rirs,
evaluation-rir,evaluation,motus,motus_0736_1_raw_rirs,
evaluation-rir,evaluation,motus,motus_0738_2_raw_rirs,
evaluation-rir,evaluation,motus,motus_0739_1_raw_rirs,
evaluation-rir,evaluation,motus,motus_0740_1_raw_rirs,
evaluation-rir,evaluation,motus,motus_0743_2_raw_rirs,
evaluation-rir,evaluation,motus,motus_0746_3_raw_rirs,
evaluation-rir,evaluation,motus,motus_0748_1_raw_rirs,
evaluation-rir,evaluation,motus,motus_0750_1_raw_rirs,
evaluation-rir,evaluation,motus,motus_0751_1_raw_rirs,
evaluation-rir,evaluation,motus,motus_0752_1_raw_rirs,
evaluation-rir,evaluation,motus,motus_0753_1_raw_rirs,
evaluation-rir,evaluation,motus,motus_0755_1_raw_rirs,
evaluation-rir,evaluation,motus,motus_0755_3_raw_rirs,
evaluation-rir,evaluation,motus,motus_0759_1_raw_rirs,
evaluation-rir,evaluation,motus,motus_0759_3_raw_rirs,
evaluation-rir,evaluation,motus,motus_0763_1_raw_rirs,
evaluation-rir,evaluation,motus,motus_0764_2_raw_rirs,
evaluation-rir,evaluation,motus,motus_0767_1_raw_rirs,
evaluation-rir,evaluation,motus,motus_0769_1_raw_rirs,
evaluation-rir,evaluation,motus,motus_0769_3_raw_rirs,
evaluation-rir,evaluation,motus,motus_0771_1_raw_rirs,
evaluation-rir,evaluation,motus,motus_0776_1_raw_rirs,
evaluation-rir,evaluation,motus,motus_0776_3_raw_rirs,
evaluation-rir,evaluation,motus,motus_0777_1_raw_rirs,
evaluation-rir,evaluation,motus,motus_0778_3_raw_rirs,
evaluation-rir,evaluation,motus,motus_0781_1_raw_rirs,
evaluation-rir,evaluation,motus,motus_0782_1_raw_rirs,
evaluation-rir,evaluation,motus,motus_0783_2_raw_rirs,
evaluation-rir,evaluation,motus,motus_0784_1_raw_rirs,
evaluation-rir,evaluation,motus,motus_0786_1_raw_rirs,
evaluation-rir,evaluation,motus,motus_0788_1_raw_rirs,
evaluation-rir,evaluation,motus,motus_0788_3_raw_rirs,
evaluation-rir,evaluation,motus,motus_0790_3_raw_rirs,
evaluation-rir,evaluation,motus,motus_0792_1_raw_rirs,
evaluation-rir,evaluation,motus,motus_0797_1_raw_rirs,
evaluation-rir,evaluation,motus,motus_0800_1_raw_rirs,
evaluation-rir,evaluation,motus,motus_0802_1_raw_rirs,
evaluation-rir,evaluation,motus,motus_0804_1_raw_rirs,
evaluation-rir,evaluation,motus,motus_0807_1_raw_rirs,
evaluation-rir,evaluation,motus,motus_0807_2_raw_rirs,
evaluation-rir,evaluation,motus,motus_0808_1_raw_rirs,
evaluation-rir,evaluation,motus,motus_0810_3_raw_rirs,
evaluation-rir,evaluation,motus,motus_0811_3_raw_rirs,
evaluation-rir,evaluation,motus,motus_0812_1_raw_rirs,
evaluation-rir,evaluation,motus,motus_0813_1_raw_rirs,
evaluation-rir,evaluation,motus,motus_0816_2_raw_rirs,
evaluation-rir,evaluation,motus,motus_0819_2_raw_rirs,
evaluation-rir,evaluation,motus,motus_0820_1_raw_rirs,
evaluation-rir,evaluation,motus,motus_0823_1_raw_rirs,
evaluation-rir,evaluation,motus,motus_0824_1_raw_rirs,
evaluation-rir,evaluation,motus,motus_0826_2_raw_rirs,
evaluation-rir,evaluation,motus,motus_0829_1_raw_rirs,
evaluation-rir,evaluation,motus,motus_0830_1_raw_rirs,
open-evaluation-noise,evaluation,dns5,-2C9ZpNhIvg,
open-evaluation-noise,evaluation,dns5,-2O81UETcwY,
open-evaluation-noise,evaluation,dns5,-2oMGV4PYaE,
open-evaluation-noise,evaluation,dns5,-3G-bs5JaW8,
open-evaluation-noise,evaluation,dns5,-3dayQzhGpw,
open-evaluation-noise,evaluation,dns5,-4cbFBwZMSw,
open-evaluation-noise,evaluation,dns5,-4idfEmhn4g,
open-evaluation-noise,evaluation,dns5,-5IVOmpTVOM,
open-evaluation-noise,evaluation,dns5,-5bUWtaoJ7U,
open-evaluation-noise,evaluation,dns5,-6Krp3T1RHI,
open-evaluation-noise,evaluation,dns5,-9df2qdbIJM,
open-evaluation-noise,evaluation,dns5,-D_gWD3VjIM,
open-evaluation-noise,evaluation,dns5,-E13UQ4kP9Q,
open-evaluation-noise,evaluation,dns5,-FD8hQshnFo,
open-evaluation-noise,evaluation,dns5,-GqMXFPA3vI,
open-evaluation-noise,evaluation,dns5,-MmobZaXQc8,
open-evaluation-noise,evaluation,dns5,-Mo_okgG5q0,
open-evaluation-noise,evaluation,dns5,-OIY3tRRGwg,
open-evaluation-noise,evaluation,dns5,-OrSYfdmkxU,
open-evaluation-noise,evaluation,dns5,-Q_nVD3fkIs,
open-evaluation-noise,evaluation,dns5,-S-IMRsE4vw,
open-evaluation-noise,evaluation,dns5,-U4LYa47FUU,
open-evaluation-noise,evaluation,dns5,-VLXILB1zkU,
open-evaluation-noise,evaluation,dns5,-VgluqXLBs8,
open-evaluation-noise,evaluation,dns5,-WPI0qzLuo8,
open-evaluation-noise,evaluation,dns5,-WycrcrnNWY,
open-evaluation-noise,evaluation,dns5,-XQGRj-iuRk,
open-evaluation-noise,evaluation,dns5,-ZDcRG-vKsg,
open-evaluation-noise,evaluation,dns5,-aUzd1El1Mk,
open-evaluation-noise,evaluation,dns5,-cKbOLMm0yo,
open-evaluation-noise,evaluation,dns5,-dOsmENqUAA,
open-evaluation-noise,evaluation,dns5,-ebNEpc04dA,
open-evaluation-noise,evaluation,dns5,-fB-3p69rjs,
open-evaluation-noise,evaluation,dns5,-gKEX6pWgFI,
open-evaluation-noise,evaluation,dns5,-ggfBaONU2Y,
open-evaluation-noise,evaluation,dns5,-grsofmJc8M,
open-evaluation-noise,evaluation,dns5,-h3wUlV07d4,
open-evaluation-noise,evaluation,dns5,-ibrw-pTMUA,
open-evaluation-noise,evaluation,dns5,-jI9ZoR74-I,
open-evaluation-noise,evaluation,dns5,-jj-qlswC4Q,
open-evaluation-noise,evaluation,dns5,-lDNmoY3hGk,
open-evaluation-noise,evaluation,dns5,-n4BEVTbMP8,
open-evaluation-noise,evaluation,dns5,-p8C6AXVklY,
open-evaluation-noise,evaluation,dns5,-pRXxT0Nqys,
open-evaluation-noise,evaluation,dns5,-pWLskzlnnE,
open-evaluation-noise,evaluation,dns5,-qPvcsaJD9U,
open-evaluation-noise,evaluation,dns5,-r7foRuzOuc,
open-evaluation-noise,evaluation,dns5,-rdFpXasUGc,
open-evaluation-noise,evaluation,dns5,-s2G3Kto0Gw,
open-evaluation-noise,evaluation,dns5,-svYriakPXw,
open-evaluation-noise,evaluation,dns5,-t478yabOQw,
open-evaluation-noise,evaluation,dns5,-v8F9YUEYQ8,
open-evaluation-noise,evaluation,dns5,-vG9OMJhz58,
open-evaluation-noise,evaluation,dns5,-xtqOBHsC5U,
open-evaluation-noise,evaluation,dns5,0-0UKKMKiVg,
open-evaluation-noise,evaluation,dns5,00F6NyiKdIk,
open-evaluation-noise,evaluation,dns5,01xfi2fGKkg,
open-evaluation-noise,evaluation,dns5,0292kQJnKos,
open-evaluation-noise,evaluation,dns5,02B8szoi8-Q,
open-evaluation-noise,evaluation,dns5,02sD1KJeoGA,
open-evaluation-noise,evaluation,dns5,03W1CWq5nz4,
open-evaluation-noise,evaluation,dns5,03bK3wLL2-Q,
open-evaluation-noise,evaluation,dns5,06aiPrplSP4,
open-evaluation-noise,evaluation,dns5,0BaMj-LMg1E,
open-evaluation-noise,evaluation,dns5,0CMjmud6fp4,
open-evaluation-noise,evaluation,dns5,0Fc42_i3G80,
open-evaluation-noise,evaluation,dns5,0G43_GxPbto,
open-evaluation-noise,evaluation,dns5,0GLQBbwIQUA,
open-evaluation-noise,evaluation,dns5,0JAGPDtKZ68,
open-evaluation-noise,evaluation,dns5,0LWim2o7Afo,
open-evaluation-noise,evaluation,dns5,0LrTnI-BYSI,
open-evaluation-noise,evaluation,dns5,0N2tnE_vDOc,
open-evaluation-noise,evaluation,dns5,0NU73oaDVBE,
open-evaluation-noise,evaluation,dns5,0OeH3S7C2pg,
open-evaluation-noise,evaluation,dns5,0PgYIkxNg5Q,
open-evaluation-noise,evaluation,dns5,0RxqOTKPf3M,
open-evaluation-noise,evaluation,dns5,0S2pQ8_7qJE,
open-evaluation-noise,evaluation,dns5,0T3Fzqa5N_o,
open-evaluation-noise,evaluation,dns5,0T4gZQwzyKY,
open-evaluation-noise,evaluation,dns5,0Ts6nHbGay0,
open-evaluation-noise,evaluation,dns5,0UZNBHkgHSo,
open-evaluation-noise,evaluation,dns5,0YZfMauT22g,
open-evaluation-noise,evaluation,dns5,0_mfoatj92Y,
open-evaluation-noise,evaluation,dns5,0a8Xc_R_V80,
open-evaluation-noise,evaluation,dns5,0a8acU2Svn8,
open-evaluation-noise,evaluation,dns5,0c2GLBnPTEc,
open-evaluation-noise,evaluation,dns5,0cYaWymNd4w,
open-evaluation-noise,evaluation,dns5,0iO44OTCyac,
open-evaluation-noise,evaluation,dns5,0krZliEb9XE,
open-evaluation-noise,evaluation,dns5,0ls9KaQJAs0,
open-evaluation-noise,evaluation,dns5,0ma2BvnQn2o,
open-evaluation-noise,evaluation,dns5,0mbR-zCZndM,
open-evaluation-noise,evaluation,dns5,0mhFsYWUTIQ,
open-evaluation-noise,evaluation,dns5,0nGZzZagGls,
open-evaluation-noise,evaluation,dns5,0o1COy6zVh4,
open-evaluation-noise,evaluation,dns5,0rEOa-gu4jk,
open-evaluation-noise,evaluation,dns5,0s3WOsmwMWM,
open-evaluation-noise,evaluation,dns5,0sDQRjQ1fcg,
open-evaluation-noise,evaluation,dns5,0shERpoO5Ls,
open-evaluation-noise,evaluation,dns5,0vXiWMVG0Rk,
open-evaluation-noise,evaluation,dns5,0w3VPPrHZ7g,
open-evaluation-noise,evaluation,dns5,0wCvRDYZYa0,
open-evaluation-noise,evaluation,dns5,0xEK-2vj9Xo,
open-evaluation-noise,evaluation,dns5,0xcBKwbIlU8,
open-evaluation-noise,evaluation,dns5,0yKEhrlQeM0,
open-evaluation-noise,evaluation,dns5,1-0zDa50ZPA,
open-evaluation-noise,evaluation,dns5,1-XCcmkQK1U,
open-evaluation-noise,evaluation,dns5,10VPSu_3xo4,
open-evaluation-noise,evaluation,dns5,10lpbBJKh0U,
open-evaluation-noise,evaluation,dns5,11k0aBlo2Wo,
open-evaluation-noise,evaluation,dns5,11mLt06A-mA,
open-evaluation-noise,evaluation,dns5,14pQOYj0D1s,
open-evaluation-noise,evaluation,dns5,16QlUcOOfkA,
open-evaluation-noise,evaluation,dns5,17tR5NBVT1w,
open-evaluation-noise,evaluation,dns5,187cVfWpf6Q,
open-evaluation-noise,evaluation,dns5,18ptmO9LoUw,
open-evaluation-noise,evaluation,dns5,1ASBUeNDXcA,
open-evaluation-noise,evaluation,dns5,1BZUSqhKWJg,
open-evaluation-noise,evaluation,dns5,1BonlocdKno,
open-evaluation-noise,evaluation,dns5,1BsElpyyp8w,
open-evaluation-noise,evaluation,dns5,1Ck509j2l0U,
open-evaluation-noise,evaluation,dns5,1Dcd6b06ZgE,
open-evaluation-noise,evaluation,dns5,1DyKpEk5nhg,
open-evaluation-noise,evaluation,dns5,1EmvrOdCAL0,
open-evaluation-noise,evaluation,dns5,1FwNCgnzA9k,
open-evaluation-noise,evaluation,dns5,1H2XD5lUp8w,
open-evaluation-noise,evaluation,dns5,1ILecV8Q6Yw,
open-evaluation-noise,evaluation,dns5,1IVpDay08co,
open-evaluation-noise,evaluation,dns5,1JYkgblklN8,
open-evaluation-noise,evaluation,dns5,1LAknnlMGEA,
open-evaluation-noise,evaluation,dns5,1Lne7Db_Fhc,
open-evaluation-noise,evaluation,dns5,1MPs8HiHXxU,
open-evaluation-noise,evaluation,dns5,1OASgq4u34Q,
open-evaluation-noise,evaluation,dns5,1OLrfTnieME,
open-evaluation-noise,evaluation,dns5,1P35FMSa7sM,
open-evaluation-noise,evaluation,dns5,1P8jE-Pub3c,
open-evaluation-noise,evaluation,dns5,1Q2KE92L738,
open-evaluation-noise,evaluation,dns5,1R4Y5o8bED0,
open-evaluation-noise,evaluation,dns5,1SbLZsvGL9w,
open-evaluation-noise,evaluation,dns5,1SfUH34JwZk,
open-evaluation-noise,evaluation,dns5,1VPLhdQgQyE,
open-evaluation-noise,evaluation,dns5,1WKYn3rKWWQ,
open-evaluation-noise,evaluation,dns5,1XMVyJIHSEQ,
open-evaluation-noise,evaluation,dns5,1Y4HWY6DHnU,
open-evaluation-noise,evaluation,dns5,1YMVwkVY-Es,
open-evaluation-noise,evaluation,dns5,1_OHQ6kMlg8,
open-evaluation-noise,evaluation,dns5,1aPjFKOz1W4,
open-evaluation-noise,evaluation,dns5,1b58z2VV2Es,
open-evaluation-noise,evaluation,dns5,1ci9EhneRNs,
open-evaluation-noise,evaluation,dns5,1dciBj0KHoc,
open-evaluation-noise,evaluation,dns5,1dgbeooM0Lg,
open-evaluation-noise,evaluation,dns5,1dx4NNQwG0o,
open-evaluation-noise,evaluation,dns5,1eYpXSDJNPA,
open-evaluation-noise,evaluation,dns5,1erPfh8gyko,
open-evaluation-noise,evaluation,dns5,1eyfMZ-Ea20,
open-evaluation-noise,evaluation,dns5,1fNMhq36wvM,
open-evaluation-noise,evaluation,dns5,1frJ0OF5nMc,
open-evaluation-noise,evaluation,dns5,1hOz9e9JAQA,
open-evaluation-noise,evaluation,dns5,1h_MggtPdjo,
open-evaluation-noise,evaluation,dns5,1j1duoxdxBg,
open-evaluation-noise,evaluation,dns5,1lpkw4kI-Ks,
open-evaluation-noise,evaluation,dns5,1pBEHxHBhts,
open-evaluation-noise,evaluation,dns5,1psjiH9ICx4,
open-evaluation-noise,evaluation,dns5,1sjmFJzDG0o,
open-evaluation-noise,evaluation,dns5,1srd2XK39kQ,
open-evaluation-noise,evaluation,dns5,1sx7sm4lSkM,
open-evaluation-noise,evaluation,dns5,1y2nPnpYUmc,
open-evaluation-noise,evaluation,dns5,2-34dkJQ0bU,
open-evaluation-noise,evaluation,dns5,20VCrMzRGXw,
open-evaluation-noise,evaluation,dns5,20qHqiRChmc,
open-evaluation-noise,evaluation,dns5,21Z55sgzU18,
open-evaluation-noise,evaluation,dns5,24Z6Jg75mHo,
open-evaluation-noise,evaluation,dns5,25v3SaQ-A6Q,
open-evaluation-noise,evaluation,dns5,263sYZ1KrCc,
open-evaluation-noise,evaluation,dns5,265xfsixFCo,
open-evaluation-noise,evaluation,dns5,27FwPto59h4,
open-evaluation-noise,evaluation,dns5,28WMzKS8Mvg,
open-evaluation-noise,evaluation,dns5,28nsX8pg7S0,
open-evaluation-noise,evaluation,dns5,28zIp-jCBXc,
open-evaluation-noise,evaluation,dns5,29Tih31thk8,
open-evaluation-noise,evaluation,dns5,29pgvFoFsI0,
open-evaluation-noise,evaluation,dns5,29udrcT9xtA,
open-evaluation-noise,evaluation,dns5,2BI0r9Ow4d0,
open-evaluation-noise,evaluation,dns5,2BL7MD7Ww-k,
open-evaluation-noise,evaluation,dns5,2CNglKMVNtg,
open-evaluation-noise,evaluation,dns5,2LorpXnJpYw,
open-evaluation-noise,evaluation,dns5,2Mszz6T7DbQ,
open-evaluation-noise,evaluation,dns5,2QTH4_WQlgg,
open-evaluation-noise,evaluation,dns5,2T90bxZ-AGo,
open-evaluation-noise,evaluation,dns5,2UV8DWO8MKg,
open-evaluation-noise,evaluation,dns5,2WMjBJz7iyQ,
open-evaluation-noise,evaluation,dns5,2WQfzHMdCPQ,
open-evaluation-noise,evaluation,dns5,2Wj2BDTChxQ,
open-evaluation-noise,evaluation,dns5,2WkzPxRuio8,
open-evaluation-noise,evaluation,dns5,2WqNagPStkI,
open-evaluation-noise,evaluation,dns5,2ZiYJAIfCV0,
open-evaluation-noise,evaluation,dns5,2ZmyggA9WJU,
open-evaluation-noise,evaluation,dns5,2_NDQLacW2w,
open-evaluation-noise,evaluation,dns5,2_P7nIGkhVk,
open-evaluation-noise,evaluation,dns5,2b-tBDoQN2M,
open-evaluation-noise,evaluation,dns5,2do0S-yQvqg,
open-evaluation-noise,evaluation,dns5,2eGseKxcxpc,
open-evaluation-noise,evaluation,dns5,2hE1d80ljUE,
open-evaluation-noise,evaluation,dns5,2iNdzpHUHZ8,
open-evaluation-noise,evaluation,dns5,2jsvztYe9mk,
open-evaluation-noise,evaluation,dns5,2kuDdm983uY,
open-evaluation-noise,evaluation,dns5,2lxSYL_Mb-A,
open-evaluation-noise,evaluation,dns5,2nS9YWFNjRg,
open-evaluation-noise,evaluation,dns5,2ostuog9wxQ,
open-evaluation-noise,evaluation,dns5,2qMiN3AUjmE,
open-evaluation-noise,evaluation,dns5,2siyhxvZpWI,
open-evaluation-noise,evaluation,dns5,2tJKsCiOTjY,
open-evaluation-noise,evaluation,dns5,2tXCYBl7yM0,
open-evaluation-noise,evaluation,dns5,2vQ-f5_MBtg,
open-evaluation-noise,evaluation,dns5,2wWs7MLxbTk,
open-evaluation-noise,evaluation,dns5,2wXaCz__sjY,
open-evaluation-noise,evaluation,dns5,2wyKfkULY9s,
open-evaluation-noise,evaluation,dns5,2yzeLDPByNM,
open-evaluation-noise,evaluation,dns5,3-PlM5X9E4k,
open-evaluation-noise,evaluation,dns5,33yCB-uLzAU,
open-evaluation-noise,evaluation,dns5,341ElZK1DVM,
open-evaluation-noise,evaluation,dns5,34JsVa7oJkc,
open-evaluation-noise,evaluation,dns5,35ZTXtUDYBE,
open-evaluation-noise,evaluation,dns5,36vbgLgd4t8,
open-evaluation-noise,evaluation,dns5,3Ar7ThL0WGk,
open-evaluation-noise,evaluation,dns5,3BBnrF_MCgU,
open-evaluation-noise,evaluation,dns5,3EAaJdzS-_o,
open-evaluation-noise,evaluation,dns5,3EM4ygQopDI,
open-evaluation-noise,evaluation,dns5,3FwFwtOcB2o,
open-evaluation-noise,evaluation,dns5,3IpFS8DpZ8o,
open-evaluation-noise,evaluation,dns5,3LLOoW15ZnY,
open-evaluation-noise,evaluation,dns5,3RABCekbY1Q,
open-evaluation-noise,evaluation,dns5,3SaJ21bI1Ws,
open-evaluation-noise,evaluation,dns5,3T-CYGTF5JY,
open-evaluation-noise,evaluation,dns5,3UOXB7f0NQs,
open-evaluation-noise,evaluation,dns5,3UQIrjkLHng,
open-evaluation-noise,evaluation,dns5,3VUEqSpFZu0,
open-evaluation-noise,evaluation,dns5,3Vnql2TQAuo,
open-evaluation-noise,evaluation,dns5,3al8YHHE1-o,
open-evaluation-noise,evaluation,dns5,3bSsY829lHg,
open-evaluation-noise,evaluation,dns5,3etbftLOa-c,
open-evaluation-noise,evaluation,dns5,3h1QAlgS5LU,
open-evaluation-noise,evaluation,dns5,3k6tn3xFJs0,
open-evaluation-noise,evaluation,dns5,3kcifJtWbJ4,
open-evaluation-noise,evaluation,dns5,3lY0mff-lxQ,
open-evaluation-noise,evaluation,dns5,3mIBWUMWrwA,
open-evaluation-noise,evaluation,dns5,3mt11BuP5dw,
open-evaluation-noise,evaluation,dns5,3pc-enlLuPo,
open-evaluation-noise,evaluation,dns5,3r1vIjYvDZs,
open-evaluation-noise,evaluation,dns5,3r9j191TBfQ,
open-evaluation-noise,evaluation,dns5,3rz0yKQ_5aQ,
open-evaluation-noise,evaluation,dns5,3tou5guli40,
open-evaluation-noise,evaluation,dns5,3tqliETnWOI,
open-evaluation-noise,evaluation,dns5,3u_IbZbli3A,
open-evaluation-noise,evaluation,dns5,3vWNxg-HE-c,
open-evaluation-noise,evaluation,dns5,3xNmSDF-ehk,
open-evaluation-noise,evaluation,dns5,3xX7yE_D8qs,
open-evaluation-noise,evaluation,dns5,3xeuotzBk9s,
open-evaluation-noise,evaluation,dns5,3yZpk-NzcQo,
open-evaluation-noise,evaluation,dns5,3yr4d97kYdM,
open-evaluation-noise,evaluation,dns5,42RHggWOjaQ,
open-evaluation-noise,evaluation,dns5,42VoijrmFqQ,
open-evaluation-noise,evaluation,dns5,435H0Ai36E4,
open-evaluation-noise,evaluation,dns5,45ewJ2Sbgdg,
open-evaluation-noise,evaluation,dns5,465EgaK4qQ8,
open-evaluation-noise,evaluation,dns5,46G7GrIYptE,
open-evaluation-noise,evaluation,dns5,46eqIMCjaaw,
open-evaluation-noise,evaluation,dns5,47dmD6_k_i4,
open-evaluation-noise,evaluation,dns5,49W2RHBwtRw,
open-evaluation-noise,evaluation,dns5,49wP_Zmqkyc,
open-evaluation-noise,evaluation,dns5,4ATteEciMXY,
open-evaluation-noise,evaluation,dns5,4Acz-lwN5j4,
open-evaluation-noise,evaluation,dns5,4B2A21Vt8J8,
open-evaluation-noise,evaluation,dns5,4BuTNAWrtms,
open-evaluation-noise,evaluation,dns5,4G08amtSnq0,
open-evaluation-noise,evaluation,dns5,4Jn5EfT0GWI,
open-evaluation-noise,evaluation,dns5,4KaDm3tTKKc,
open-evaluation-noise,evaluation,dns5,4KqLv-7Q7Q8,
open-evaluation-noise,evaluation,dns5,4LIct6owPeE,
open-evaluation-noise,evaluation,dns5,4MuSBDcS77I,
open-evaluation-noise,evaluation,dns5,4NmyaZIbPvk,
open-evaluation-noise,evaluation,dns5,4SvhGw8JJ4c,
open-evaluation-noise,evaluation,dns5,4U_AAtMel94,
open-evaluation-noise,evaluation,dns5,4WDYLt1V-GI,
open-evaluation-noise,evaluation,dns5,4Z_Gcy3h-RA,
open-evaluation-noise,evaluation,dns5,4ZjxMOLCUWg,
open-evaluation-noise,evaluation,dns5,4_C20Dw7G_4,
open-evaluation-noise,evaluation,dns5,4_YLq23urlU,
open-evaluation-noise,evaluation,dns5,4_y3VrzTSGw,
open-evaluation-noise,evaluation,dns5,4aJX2PQ4j7Q,
open-evaluation-noise,evaluation,dns5,4chPzdmckbc,
open-evaluation-noise,evaluation,dns5,4dEZAYbtAYA,
open-evaluation-noise,evaluation,dns5,4dd51665NE8,
open-evaluation-noise,evaluation,dns5,4e2tY67ml_I,
open-evaluation-noise,evaluation,dns5,4f-_Sx8pGQ0,
open-evaluation-noise,evaluation,dns5,4fUcrbzG_4s,
open-evaluation-noise,evaluation,dns5,4hMpfbdjIjo,
open-evaluation-noise,evaluation,dns5,4hknKFYv_bU,
open-evaluation-noise,evaluation,dns5,4jjmnCOIOoU,
open-evaluation-noise,evaluation,dns5,4leF1RwXFSE,
open-evaluation-noise,evaluation,dns5,4uj1kih9etE,
open-evaluation-noise,evaluation,dns5,4zbkVG8nJ0Y,
open-evaluation-noise,evaluation,dns5,519EXjlqc0E,
open-evaluation-noise,evaluation,dns5,51AcYVv76m8,
open-evaluation-noise,evaluation,dns5,53d29YBnY9w,
open-evaluation-noise,evaluation,dns5,541bE_SZe3E,
open-evaluation-noise,evaluation,dns5,57P7J3drYQc,
open-evaluation-noise,evaluation,dns5,57gwTfpgdik,
open-evaluation-noise,evaluation,dns5,57xCBeLH6Tc,
open-evaluation-noise,evaluation,dns5,58PqXuYVn_k,
open-evaluation-noise,evaluation,dns5,5AA-fif5mXc,
open-evaluation-noise,evaluation,dns5,5AGb3R_h1-s,
open-evaluation-noise,evaluation,dns5,5DjP-fZTYNQ,
open-evaluation-noise,evaluation,dns5,5ERtrFMNAx8,
open-evaluation-noise,evaluation,dns5,5FOF4E9HvNA,
open-evaluation-noise,evaluation,dns5,5H0DcNYihFk,
open-evaluation-noise,evaluation,dns5,5HEZfkPNBdA,
open-evaluation-noise,evaluation,dns5,5Hrj5pVhcGM,
open-evaluation-noise,evaluation,dns5,5Hz7Tyyg7Tg,
open-evaluation-noise,evaluation,dns5,5IhpI5YAeOA,
open-evaluation-noise,evaluation,dns5,5IxlZtup57Y,
open-evaluation-noise,evaluation,dns5,5K3CYm2u2zA,
open-evaluation-noise,evaluation,dns5,5KPE5rK6jjU,
open-evaluation-noise,evaluation,dns5,5LEW_H__nmA,
open-evaluation-noise,evaluation,dns5,5LfIPJbJBco,
open-evaluation-noise,evaluation,dns5,5Nr7ZX2MiUU,
open-evaluation-noise,evaluation,dns5,5O0B_X24CPc,
open-evaluation-noise,evaluation,dns5,5Q7ocHjcX8Y,
open-evaluation-noise,evaluation,dns5,5RE4Dc2jGvs,
open-evaluation-noise,evaluation,dns5,5S5V4kSFFLk,
open-evaluation-noise,evaluation,dns5,5Sawvexlnso,
open-evaluation-noise,evaluation,dns5,5UG2FYF8XLM,
open-evaluation-noise,evaluation,dns5,5WUF269Y0yE,
open-evaluation-noise,evaluation,dns5,5XdTmqU_-YI,
open-evaluation-noise,evaluation,dns5,5_RYFey-4W8,
open-evaluation-noise,evaluation,dns5,5_qsUywEdf8,
open-evaluation-noise,evaluation,dns5,5e_TRzVOHLo,
open-evaluation-noise,evaluation,dns5,5iDR6cOA3ns,
open-evaluation-noise,evaluation,dns5,5llYLXZhOJE,
open-evaluation-noise,evaluation,dns5,5nfEE4HwauQ,
open-evaluation-noise,evaluation,dns5,5pWnOwojMGY,
open-evaluation-noise,evaluation,dns5,5r9Ixli8hnc,
open-evaluation-noise,evaluation,dns5,5rPWHbbVN9s,
open-evaluation-noise,evaluation,dns5,5rtH-H5jBRw,
open-evaluation-noise,evaluation,dns5,5tEVcDqUR9g,
open-evaluation-noise,evaluation,dns5,5tMrPTVllFk,
open-evaluation-noise,evaluation,dns5,5uNN4vq8nbA,
open-evaluation-noise,evaluation,dns5,5ug01cGlb2E,
open-evaluation-noise,evaluation,dns5,5uiKXNTt34g,
open-evaluation-noise,evaluation,dns5,5wqzyY_GSWk,
open-evaluation-noise,evaluation,dns5,5xsGKD_Xjhs,
open-evaluation-noise,evaluation,dns5,6-6-tccnKLk,
open-evaluation-noise,evaluation,dns5,6-Xx2xRgtkM,
open-evaluation-noise,evaluation,dns5,69xylsC3uT8,
open-evaluation-noise,evaluation,dns5,6FNMs79W0gs,
open-evaluation-noise,evaluation,dns5,6Ox2rL3JCbw,
open-evaluation-noise,evaluation,dns5,6PrVODXm67o,
open-evaluation-noise,evaluation,dns5,6XFsMEqQ15Y,
open-evaluation-noise,evaluation,dns5,6hZ-6YHf3ok,
open-evaluation-noise,evaluation,dns5,6q58oYVo9as,
open-evaluation-noise,evaluation,dns5,6s2prszuWS4,
open-evaluation-noise,evaluation,dns5,6vvM8_RUyMc,
open-evaluation-noise,evaluation,dns5,6wBwUEeTKJs,
open-evaluation-noise,evaluation,dns5,6wHFhrAqt5Q,
open-evaluation-noise,evaluation,dns5,6y2HuVdxWsw,
open-evaluation-noise,evaluation,dns5,73nRkB05bo4,
open-evaluation-noise,evaluation,dns5,7ICrJTtfY-M,
open-evaluation-noise,evaluation,dns5,7LzcWBu-Y6A,
open-evaluation-noise,evaluation,dns5,7XJe3vIbPY0,
open-evaluation-noise,evaluation,dns5,7_i8PFUyfIo,
open-evaluation-noise,evaluation,dns5,7au3PJPNUe0,
open-evaluation-noise,evaluation,dns5,7dXnncNtvp0,
open-evaluation-noise,evaluation,dns5,7eLuA-pfaE4,
open-evaluation-noise,evaluation,dns5,7fag_tv0y20,
open-evaluation-noise,evaluation,dns5,7gbJf1FvetI,
open-evaluation-noise,evaluation,dns5,7p46zniZmQo,
open-evaluation-noise,evaluation,dns5,7vRStYD8fCQ,
open-evaluation-noise,evaluation,dns5,822HElRsp8U,
open-evaluation-noise,evaluation,dns5,84ZEuP39a70,
open-evaluation-noise,evaluation,dns5,88Scqncznmo,
open-evaluation-noise,evaluation,dns5,PQEJuXLGXJU,
open-evaluation-noise,evaluation,dns5,QE8QQQ37QBA,
open-evaluation-noise,evaluation,fma,fma_004738,
open-evaluation-noise,evaluation,fma,fma_015773,
open-evaluation-noise,evaluation,fma,fma_016771,
open-evaluation-noise,evaluation,fma,fma_027155,
open-evaluation-noise,evaluation,fma,fma_028101,
open-evaluation-noise,evaluation,fma,fma_029042,
open-evaluation-noise,evaluation,fma,fma_029532,
open-evaluation-noise,evaluation,fma,fma_030900,
open-evaluation-noise,evaluation,fma,fma_034528,
open-evaluation-noise,evaluation,fma,fma_034529,
open-evaluation-noise,evaluation,fma,fma_038543,
open-evaluation-noise,evaluation,fma,fma_038902,
open-evaluation-noise,evaluation,fma,fma_045055,
open-evaluation-noise,evaluation,fma,fma_045126,
open-evaluation-noise,evaluation,fma,fma_046537,
open-evaluation-noise,evaluation,fma,fma_069946,
open-evaluation-noise,evaluation,fma,fma_074048,
open-evaluation-noise,evaluation,fma,fma_076080,
open-evaluation-noise,evaluation,fma,fma_092011,
open-evaluation-noise,evaluation,fma,fma_097903,
open-evaluation-noise,evaluation,fma,fma_099655,
open-evaluation-noise,evaluation,fma,fma_100522,
open-evaluation-noise,evaluation,fma,fma_109047,
open-evaluation-noise,evaluation,fma,fma_109923,
open-evaluation-noise,evaluation,fma,fma_110102,
open-evaluation-noise,evaluation,fma,fma_113450,
open-evaluation-noise,evaluation,fma,fma_117967,
open-evaluation-noise,evaluation,fma,fma_123500,
open-evaluation-noise,evaluation,fma,fma_126622,
open-evaluation-noise,evaluation,fma,fma_126626,
open-evaluation-noise,evaluation,fma,fma_129622,
open-evaluation-noise,evaluation,fma,fma_130702,
open-evaluation-noise,evaluation,fma,fma_130935,
open-evaluation-noise,evaluation,fma,fma_131968,
open-evaluation-noise,evaluation,fma,fma_133849,
open-evaluation-noise,evaluation,fma,fma_135228,
open-evaluation-noise,evaluation,fma,fma_136887,
open-evaluation-noise,evaluation,fma,fma_144236,
open-evaluation-noise,evaluation,fma,fma_152546,
open-evaluation-noise,evaluation,fsd50k,fsd50k_100476,
open-evaluation-noise,evaluation,fsd50k,fsd50k_100772,
open-evaluation-noise,evaluation,fsd50k,fsd50k_102912,
open-evaluation-noise,evaluation,fsd50k,fsd50k_115738,
open-evaluation-noise,evaluation,fsd50k,fsd50k_116346,
open-evaluation-noise,evaluation,fsd50k,fsd50k_118049,
open-evaluation-noise,evaluation,fsd50k,fsd50k_1262,
open-evaluation-noise,evaluation,fsd50k,fsd50k_12642,
open-evaluation-noise,evaluation,fsd50k,fsd50k_129686,
open-evaluation-noise,evaluation,fsd50k,fsd50k_135703,
open-evaluation-noise,evaluation,fsd50k,fsd50k_136544,
open-evaluation-noise,evaluation,fsd50k,fsd50k_138468,
open-evaluation-noise,evaluation,fsd50k,fsd50k_140058,
open-evaluation-noise,evaluation,fsd50k,fsd50k_140222,
open-evaluation-noise,evaluation,fsd50k,fsd50k_144126,
open-evaluation-noise,evaluation,fsd50k,fsd50k_145209,
open-evaluation-noise,evaluation,fsd50k,fsd50k_14742,
open-evaluation-noise,evaluation,fsd50k,fsd50k_147901,
open-evaluation-noise,evaluation,fsd50k,fsd50k_152606,
open-evaluation-noise,evaluation,fsd50k,fsd50k_154795,
open-evaluation-noise,evaluation,fsd50k,fsd50k_157886,
open-evaluation-noise,evaluation,fsd50k,fsd50k_160709,
open-evaluation-noise,evaluation,fsd50k,fsd50k_160877,
open-evaluation-noise,evaluation,fsd50k,fsd50k_162438,
open-evaluation-noise,evaluation,fsd50k,fsd50k_163287,
open-evaluation-noise,evaluation,fsd50k,fsd50k_164309,
open-evaluation-noise,evaluation,fsd50k,fsd50k_165476,
open-evaluation-noise,evaluation,fsd50k,fsd50k_167531,
open-evaluation-noise,evaluation,fsd50k,fsd50k_171086,
open-evaluation-noise,evaluation,fsd50k,fsd50k_171468,
open-evaluation-noise,evaluation,fsd50k,fsd50k_185170,
open-evaluation-noise,evaluation,fsd50k,fsd50k_187973,
open-evaluation-noise,evaluation,fsd50k,fsd50k_187975,
open-evaluation-noise,evaluation,fsd50k,fsd50k_187999,
open-evaluation-noise,evaluation,fsd50k,fsd50k_191016,
open-evaluation-noise,evaluation,fsd50k,fsd50k_196703,
open-evaluation-noise,evaluation,fsd50k,fsd50k_198776,
open-evaluation-noise,evaluation,fsd50k,fsd50k_200200,
open-evaluation-noise,evaluation,fsd50k,fsd50k_203830,
open-evaluation-noise,evaluation,fsd50k,fsd50k_214516,
open-evaluation-noise,evaluation,fsd50k,fsd50k_214897,
open-evaluation-noise,evaluation,fsd50k,fsd50k_222749,
open-evaluation-noise,evaluation,fsd50k,fsd50k_232510,
open-evaluation-noise,evaluation,fsd50k,fsd50k_235472,
open-evaluation-noise,evaluation,fsd50k,fsd50k_240691,
open-evaluation-noise,evaluation,fsd50k,fsd50k_2432,
open-evaluation-noise,evaluation,fsd50k,fsd50k_243610,
open-evaluation-noise,evaluation,fsd50k,fsd50k_251007,
open-evaluation-noise,evaluation,fsd50k,fsd50k_251542,
open-evaluation-noise,evaluation,fsd50k,fsd50k_252015,
open-evaluation-noise,evaluation,fsd50k,fsd50k_254723,
open-evaluation-noise,evaluation,fsd50k,fsd50k_254834,
open-evaluation-noise,evaluation,fsd50k,fsd50k_260947,
open-evaluation-noise,evaluation,fsd50k,fsd50k_263037,
open-evaluation-noise,evaluation,fsd50k,fsd50k_263871,
open-evaluation-noise,evaluation,fsd50k,fsd50k_264332,
open-evaluation-noise,evaluation,fsd50k,fsd50k_267937,
open-evaluation-noise,evaluation,fsd50k,fsd50k_268525,
open-evaluation-noise,evaluation,fsd50k,fsd50k_268966,
open-evaluation-noise,evaluation,fsd50k,fsd50k_270360,
open-evaluation-noise,evaluation,fsd50k,fsd50k_274117,
open-evaluation-noise,evaluation,fsd50k,fsd50k_275640,
open-evaluation-noise,evaluation,fsd50k,fsd50k_276938,
open-evaluation-noise,evaluation,fsd50k,fsd50k_278159,
open-evaluation-noise,evaluation,fsd50k,fsd50k_319326,
open-evaluation-noise,evaluation,fsd50k,fsd50k_325594,
open-evaluation-noise,evaluation,fsd50k,fsd50k_325767,
open-evaluation-noise,evaluation,fsd50k,fsd50k_325881,
open-evaluation-noise,evaluation,fsd50k,fsd50k_326195,
open-evaluation-noise,evaluation,fsd50k,fsd50k_327133,
open-evaluation-noise,evaluation,fsd50k,fsd50k_33246,
open-evaluation-noise,evaluation,fsd50k,fsd50k_333084,
open-evaluation-noise,evaluation,fsd50k,fsd50k_333910,
open-evaluation-noise,evaluation,fsd50k,fsd50k_338700,
open-evaluation-noise,evaluation,fsd50k,fsd50k_340299,
open-evaluation-noise,evaluation,fsd50k,fsd50k_34119,
open-evaluation-noise,evaluation,fsd50k,fsd50k_344645,
open-evaluation-noise,evaluation,fsd50k,fsd50k_344712,
open-evaluation-noise,evaluation,fsd50k,fsd50k_345847,
open-evaluation-noise,evaluation,fsd50k,fsd50k_347686,
open-evaluation-noise,evaluation,fsd50k,fsd50k_347821,
open-evaluation-noise,evaluation,fsd50k,fsd50k_347900,
open-evaluation-noise,evaluation,fsd50k,fsd50k_34854,
open-evaluation-noise,evaluation,fsd50k,fsd50k_348871,
open-evaluation-noise,evaluation,fsd50k,fsd50k_353532,
open-evaluation-noise,evaluation,fsd50k,fsd50k_360799,
open-evaluation-noise,evaluation,fsd50k,fsd50k_361580,
open-evaluation-noise,evaluation,fsd50k,fsd50k_365326,
open-evaluation-noise,evaluation,fsd50k,fsd50k_366112,
open-evaluation-noise,evaluation,fsd50k,fsd50k_366728,
open-evaluation-noise,evaluation,fsd50k,fsd50k_366867,
open-evaluation-noise,evaluation,fsd50k,fsd50k_368805,
open-evaluation-noise,evaluation,fsd50k,fsd50k_369054,
open-evaluation-noise,evaluation,fsd50k,fsd50k_369934,
open-evaluation-noise,evaluation,fsd50k,fsd50k_370027,
open-evaluation-noise,evaluation,fsd50k,fsd50k_370235,
open-evaluation-noise,evaluation,fsd50k,fsd50k_372313,
open-evaluation-noise,evaluation,fsd50k,fsd50k_378295,
open-evaluation-noise,evaluation,fsd50k,fsd50k_378331,
open-evaluation-noise,evaluation,fsd50k,fsd50k_382005,
open-evaluation-noise,evaluation,fsd50k,fsd50k_383157,
open-evaluation-noise,evaluation,fsd50k,fsd50k_388391,
open-evaluation-noise,evaluation,fsd50k,fsd50k_388915,
open-evaluation-noise,evaluation,fsd50k,fsd50k_392153,
open-evaluation-noise,evaluation,fsd50k,fsd50k_392251,
open-evaluation-noise,evaluation,fsd50k,fsd50k_393323,
open-evaluation-noise,evaluation,fsd50k,fsd50k_393790,
open-evaluation-noise,evaluation,fsd50k,fsd50k_395042,
open-evaluation-noise,evaluation,fsd50k,fsd50k_400653,
open-evaluation-noise,evaluation,fsd50k,fsd50k_402298,
open-evaluation-noise,evaluation,fsd50k,fsd50k_406796,
open-evaluation-noise,evaluation,fsd50k,fsd50k_406958,
open-evaluation-noise,evaluation,fsd50k,fsd50k_407433,
open-evaluation-noise,evaluation,fsd50k,fsd50k_408369,
open-evaluation-noise,evaluation,fsd50k,fsd50k_415378,
open-evaluation-noise,evaluation,fsd50k,fsd50k_41746,
open-evaluation-noise,evaluation,fsd50k,fsd50k_418494,
open-evaluation-noise,evaluation,fsd50k,fsd50k_419233,
open-evaluation-noise,evaluation,fsd50k,fsd50k_425667,
open-evaluation-noise,evaluation,fsd50k,fsd50k_429509,
open-evaluation-noise,evaluation,fsd50k,fsd50k_431478,
open-evaluation-noise,evaluation,fsd50k,fsd50k_431535,
open-evaluation-noise,evaluation,fsd50k,fsd50k_432568,
open-evaluation-noise,evaluation,fsd50k,fsd50k_433861,
open-evaluation-noise,evaluation,fsd50k,fsd50k_434178,
open-evaluation-noise,evaluation,fsd50k,fsd50k_434344,
open-evaluation-noise,evaluation,fsd50k,fsd50k_45643,
open-evaluation-noise,evaluation,fsd50k,fsd50k_48401,
open-evaluation-noise,evaluation,fsd50k,fsd50k_50758,
open-evaluation-noise,evaluation,fsd50k,fsd50k_51705,
open-evaluation-noise,evaluation,fsd50k,fsd50k_58415,
open-evaluation-noise,evaluation,fsd50k,fsd50k_58867,
open-evaluation-noise,evaluation,fsd50k,fsd50k_62942,
open-evaluation-noise,evaluation,fsd50k,fsd50k_71927,
open-evaluation-noise,evaluation,fsd50k,fsd50k_75072,
open-evaluation-noise,evaluation,fsd50k,fsd50k_75825,
open-evaluation-noise,evaluation,fsd50k,fsd50k_75829,
open-evaluation-noise,evaluation,fsd50k,fsd50k_77305,
open-evaluation-noise,evaluation,fsd50k,fsd50k_77405,
open-evaluation-noise,evaluation,fsd50k,fsd50k_79064,
open-evaluation-noise,evaluation,fsd50k,fsd50k_86150,
open-evaluation-noise,evaluation,fsd50k,fsd50k_88590,
open-evaluation-noise,evaluation,fsd50k,fsd50k_90865,
open-evaluation-noise,evaluation,fsd50k,fsd50k_92019,
open-evaluation-noise,evaluation,fsd50k,fsd50k_94824,
open-evaluation-noise,evaluation,fsd50k,fsd50k_98494,
open-evaluation-noise,evaluation,wham,file191_000000000_loc00_day1,
open-evaluation-noise,evaluation,wham,file191_022080000_loc00_day1,
open-evaluation-noise,evaluation,wham,file193_000000000_loc00_day1,
open-evaluation-noise,evaluation,wham,file194_000000000_loc33_day1,
open-evaluation-noise,evaluation,wham,file194_010080000_loc33_day1,
open-evaluation-noise,evaluation,wham,file194_018720000_loc33_day1,
open-evaluation-noise,evaluation,wham,file194_025440000_loc33_day1,
open-evaluation-noise,evaluation,wham,file194_031680000_loc33_day1,
open-evaluation-noise,evaluation,wham,file194_036000000_loc33_day1,
open-evaluation-noise,evaluation,wham,file194_045600000_loc33_day1,
open-evaluation-noise,evaluation,wham,file196_008640000_loc33_day1,
open-evaluation-noise,evaluation,wham,file196_009600000_loc33_day1,
open-evaluation-noise,evaluation,wham,file196_036960000_loc33_day1,
open-evaluation-noise,evaluation,wham,file200_000000000_loc03_day1,
open-evaluation-noise,evaluation,wham,file204_015840000_loc32_day1,
open-evaluation-noise,evaluation,wham,file204_041280000_loc32_day1,
open-evaluation-noise,evaluation,wham,file205_015360000_loc32_day1,
open-evaluation-noise,evaluation,wham,file205_031200000_loc32_day1,
open-evaluation-noise,evaluation,wham,file205_046560000_loc32_day1,
open-evaluation-noise,evaluation,wham,file205_071040000_loc32_day1,
open-evaluation-noise,evaluation,wham,file205_111360000_loc32_day1,
open-evaluation-noise,evaluation,wham,file207_000000000_loc14_day1,
open-evaluation-noise,evaluation,wham,file207_002880000_loc14_day1,
open-evaluation-noise,evaluation,wham,file210_014880000_loc15_day1,
open-evaluation-noise,evaluation,wham,file212_000000000_loc15_day2,
open-evaluation-noise,evaluation,wham,file213_014880000_loc15_day2,
open-evaluation-noise,evaluation,wham,file217_000000000_loc21_day1,
open-evaluation-noise,evaluation,wham,file218_000000000_loc21_day1,
open-evaluation-noise,evaluation,wham,file221_000000000_loc20_day1,
open-evaluation-noise,evaluation,wham,file222_040800000_loc20_day1,
open-evaluation-speech,evaluation,dns5,book_00028_chp_0031_reader_05303_34_seg_0_seg1,
open-evaluation-speech,evaluation,dns5,book_00028_chp_0031_reader_05303_34_seg_0_seg1(2),
open-evaluation-speech,evaluation,dns5,book_00028_chp_0031_reader_05303_36_seg_0_seg1,
open-evaluation-speech,evaluation,dns5,book_00028_chp_0031_reader_05303_36_seg_0_seg1(2),
open-evaluation-speech,evaluation,dns5,book_00028_chp_0031_reader_05303_67_seg_2_seg1(2),
open-evaluation-speech,evaluation,dns5,book_00028_chp_0031_reader_05303_71_seg_1_seg1,
open-evaluation-speech,evaluation,dns5,book_00028_chp_0038_reader_05919_16_seg_2_seg1,
open-evaluation-speech,evaluation,dns5,book_00028_chp_0038_reader_05919_16_seg_2_seg1(2),
open-evaluation-speech,evaluation,dns5,book_00028_chp_0038_reader_05919_24_seg_0_seg1(2),
open-evaluation-speech,evaluation,dns5,book_00028_chp_0038_reader_05919_28_seg_1_seg1,
open-evaluation-speech,evaluation,dns5,book_00028_chp_0038_reader_05919_28_seg_1_seg1(2),
open-evaluation-speech,evaluation,dns5,book_00028_chp_0038_reader_05919_28_seg_2_seg1(2),
open-evaluation-speech,evaluation,dns5,book_00028_chp_0038_reader_05919_28_seg_2_seg2,
open-evaluation-speech,evaluation,dns5,book_00028_chp_0038_reader_05919_32_seg_0_seg1(2),
open-evaluation-speech,evaluation,dns5,book_00028_chp_0038_reader_05919_48_seg_0_seg1,
open-evaluation-speech,evaluation,dns5,book_00028_chp_0038_reader_05919_48_seg_2_seg1(2),
open-evaluation-speech,evaluation,dns5,book_00028_chp_0038_reader_05919_49_seg_0_seg1,
open-evaluation-speech,evaluation,dns5,book_00028_chp_0038_reader_05919_49_seg_0_seg1(2),
open-evaluation-speech,evaluation,dns5,book_00028_chp_0038_reader_05919_49_seg_1_seg1,
open-evaluation-speech,evaluation,dns5,book_00028_chp_0038_reader_05919_49_seg_1_seg1(2),
open-evaluation-speech,evaluation,dns5,book_00028_chp_0038_reader_05919_4_seg_0_seg1,
open-evaluation-speech,evaluation,dns5,book_00028_chp_0038_reader_05919_4_seg_0_seg1(2),
open-evaluation-speech,evaluation,dns5,book_00028_chp_0038_reader_05919_4_seg_2_seg1,
open-evaluation-speech,evaluation,dns5,book_00028_chp_0038_reader_05919_52_seg_0_seg1,
open-evaluation-speech,evaluation,dns5,book_00028_chp_0038_reader_05919_52_seg_2_seg1,
open-evaluation-speech,evaluation,dns5,book_00028_chp_0038_reader_05919_52_seg_2_seg1(2),
open-evaluation-speech,evaluation,dns5,book_00028_chp_0038_reader_05919_5_seg_2_seg1,
open-evaluation-speech,evaluation,dns5,book_00028_chp_0038_reader_05919_9_seg_2_seg1(2),
open-evaluation-speech,evaluation,dns5,book_00081_chp_0018_reader_01595_0_seg_2_seg1(2),
open-evaluation-speech,evaluation,dns5,book_00081_chp_0018_reader_01595_16_seg_0_seg1,
open-evaluation-speech,evaluation,dns5,book_00081_chp_0018_reader_01595_16_seg_0_seg1(2),
open-evaluation-speech,evaluation,dns5,book_00081_chp_0018_reader_01595_35_seg_1_seg2(2),
open-evaluation-speech,evaluation,dns5,book_00081_chp_0018_reader_01595_52_seg_1_seg1(2),
open-evaluation-speech,evaluation,dns5,book_00082_chp_0011_reader_01593_0_seg_2_seg1,
open-evaluation-speech,evaluation,dns5,book_00082_chp_0011_reader_01593_10_seg_1_seg1,
open-evaluation-speech,evaluation,dns5,book_00082_chp_0011_reader_01593_13_seg_1_seg1,
open-evaluation-speech,evaluation,dns5,book_00082_chp_0011_reader_01593_13_seg_1_seg1(2),
open-evaluation-speech,evaluation,dns5,book_00082_chp_0011_reader_01593_15_seg_0_seg1,
open-evaluation-speech,evaluation,dns5,book_00082_chp_0011_reader_01593_18_seg_0_seg1,
open-evaluation-speech,evaluation,dns5,book_00082_chp_0011_reader_01593_18_seg_2_seg2,
open-evaluation-speech,evaluation,dns5,book_00082_chp_0011_reader_01593_18_seg_2_seg2(2),
open-evaluation-speech,evaluation,dns5,book_00082_chp_0011_reader_01593_20_seg_2_seg1,
open-evaluation-speech,evaluation,dns5,book_00082_chp_0011_reader_01593_20_seg_2_seg1(2),
open-evaluation-speech,evaluation,dns5,book_00082_chp_0011_reader_01593_23_seg_0_seg1,
open-evaluation-speech,evaluation,dns5,book_00082_chp_0011_reader_01593_23_seg_0_seg2,
open-evaluation-speech,evaluation,dns5,book_00082_chp_0011_reader_01593_23_seg_0_seg2(2),
open-evaluation-speech,evaluation,dns5,book_00082_chp_0011_reader_01593_26_seg_0_seg1,
open-evaluation-speech,evaluation,dns5,book_00082_chp_0011_reader_01593_26_seg_1_seg1,
open-evaluation-speech,evaluation,dns5,book_00082_chp_0011_reader_01593_29_seg_2_seg1(2),
open-evaluation-speech,evaluation,dns5,book_00082_chp_0011_reader_01593_2_seg_0_seg1(2),
open-evaluation-speech,evaluation,dns5,book_00082_chp_0011_reader_01593_2_seg_2_seg1,
open-evaluation-speech,evaluation,dns5,book_00082_chp_0011_reader_01593_33_seg_2_seg2,
open-evaluation-speech,evaluation,dns5,book_00082_chp_0011_reader_01593_33_seg_2_seg2(2),
open-evaluation-speech,evaluation,dns5,book_00082_chp_0011_reader_01593_34_seg_2_seg1,
open-evaluation-speech,evaluation,dns5,book_00082_chp_0011_reader_01593_34_seg_2_seg1(2),
open-evaluation-speech,evaluation,dns5,book_00082_chp_0011_reader_01593_34_seg_2_seg2,
open-evaluation-speech,evaluation,dns5,book_00082_chp_0011_reader_01593_34_seg_2_seg2(2),
open-evaluation-speech,evaluation,dns5,book_00082_chp_0011_reader_01593_35_seg_1_seg1,
open-evaluation-speech,evaluation,dns5,book_00082_chp_0011_reader_01593_35_seg_1_seg1(2),
open-evaluation-speech,evaluation,dns5,book_00082_chp_0011_reader_01593_38_seg_0_seg1,
open-evaluation-speech,evaluation,dns5,book_00082_chp_0011_reader_01593_3_seg_1_seg1(2),
open-evaluation-speech,evaluation,dns5,book_00082_chp_0011_reader_01593_40_seg_0_seg1(2),
open-evaluation-speech,evaluation,dns5,book_00082_chp_0011_reader_01593_44_seg_0_seg1(2),
open-evaluation-speech,evaluation,dns5,book_00082_chp_0011_reader_01593_44_seg_1_seg1,
open-evaluation-speech,evaluation,dns5,book_00082_chp_0011_reader_01593_44_seg_1_seg1(2),
open-evaluation-speech,evaluation,dns5,book_00082_chp_0011_reader_01593_45_seg_0_seg1(2),
open-evaluation-speech,evaluation,dns5,book_00082_chp_0011_reader_01593_45_seg_2_seg1,
open-evaluation-speech,evaluation,dns5,book_00082_chp_0011_reader_01593_48_seg_0_seg1,
open-evaluation-speech,evaluation,dns5,book_00082_chp_0011_reader_01593_48_seg_0_seg1(2),
open-evaluation-speech,evaluation,dns5,book_00082_chp_0011_reader_01593_51_seg_1_seg2(2),
open-evaluation-speech,evaluation,dns5,book_00082_chp_0011_reader_01593_52_seg_2_seg2,
open-evaluation-speech,evaluation,dns5,book_00082_chp_0011_reader_01593_55_seg_1_seg1,
open-evaluation-speech,evaluation,dns5,book_00082_chp_0011_reader_01593_56_seg_2_seg1,
open-evaluation-speech,evaluation,dns5,book_00082_chp_0011_reader_01593_56_seg_2_seg1(2),
open-evaluation-speech,evaluation,dns5,book_00082_chp_0011_reader_01593_58_seg_0_seg1,
open-evaluation-speech,evaluation,dns5,book_00082_chp_0011_reader_01593_58_seg_0_seg1(2),
open-evaluation-speech,evaluation,dns5,book_00082_chp_0011_reader_01593_5_seg_2_seg1,
open-evaluation-speech,evaluation,dns5,book_00082_chp_0011_reader_01593_5_seg_2_seg1(2),
open-evaluation-speech,evaluation,dns5,book_00082_chp_0011_reader_01593_66_seg_1_seg1,
open-evaluation-speech,evaluation,dns5,book_00082_chp_0011_reader_01593_70_seg_1_seg1(2),
open-evaluation-speech,evaluation,dns5,book_00082_chp_0011_reader_01593_71_seg_1_seg1(2),
open-evaluation-speech,evaluation,dns5,book_00082_chp_0011_reader_01593_72_seg_1_seg1,
open-evaluation-speech,evaluation,dns5,book_00082_chp_0011_reader_01593_78_seg_0_seg1,
open-evaluation-speech,evaluation,dns5,book_00082_chp_0011_reader_01593_78_seg_0_seg1(2),
open-evaluation-speech,evaluation,dns5,book_00082_chp_0011_reader_01593_79_seg_0_seg1,
open-evaluation-speech,evaluation,dns5,book_00082_chp_0011_reader_01593_7_seg_1_seg1,
open-evaluation-speech,evaluation,dns5,book_00082_chp_0011_reader_01593_7_seg_1_seg1(2),
open-evaluation-speech,evaluation,dns5,book_00082_chp_0011_reader_01593_7_seg_2_seg1,
open-evaluation-speech,evaluation,dns5,book_00082_chp_0011_reader_01593_7_seg_2_seg1(2),
open-evaluation-speech,evaluation,dns5,book_00082_chp_0011_reader_01593_86_seg_0_seg1,
open-evaluation-speech,evaluation,dns5,book_00082_chp_0011_reader_01593_86_seg_0_seg1(2),
open-evaluation-speech,evaluation,dns5,book_00082_chp_0011_reader_01593_87_seg_0_seg1,
open-evaluation-speech,evaluation,dns5,book_00082_chp_0011_reader_01593_8_seg_0_seg1(2),
open-evaluation-speech,evaluation,dns5,book_00115_chp_0021_reader_08788_23_seg_2_seg1,
open-evaluation-speech,evaluation,dns5,book_00130_chp_0007_reader_11203_1_seg_2_seg1,
open-evaluation-speech,evaluation,dns5,book_00130_chp_0007_reader_11203_38_seg_2_seg2,
open-evaluation-speech,evaluation,dns5,book_00162_chp_0028_reader_08756_0_seg_1_seg1,
open-evaluation-speech,evaluation,dns5,book_00162_chp_0028_reader_08756_0_seg_1_seg1(2),
open-evaluation-speech,evaluation,dns5,book_00162_chp_0028_reader_08756_15_seg_0_seg1,
open-evaluation-speech,evaluation,dns5,book_00162_chp_0028_reader_08756_15_seg_0_seg1(2),
open-evaluation-speech,evaluation,dns5,book_00162_chp_0028_reader_08756_18_seg_1_seg1,
open-evaluation-speech,evaluation,dns5,book_00162_chp_0028_reader_08756_18_seg_1_seg1(2),
open-evaluation-speech,evaluation,dns5,book_00162_chp_0028_reader_08756_21_seg_2_seg1(2),
open-evaluation-speech,evaluation,dns5,book_00162_chp_0028_reader_08756_22_seg_1_seg1,
open-evaluation-speech,evaluation,dns5,book_00162_chp_0028_reader_08756_22_seg_1_seg1(2),
open-evaluation-speech,evaluation,dns5,book_00162_chp_0028_reader_08756_22_seg_2_seg1,
open-evaluation-speech,evaluation,dns5,book_00162_chp_0028_reader_08756_22_seg_2_seg1(2),
open-evaluation-speech,evaluation,dns5,book_00162_chp_0035_reader_06647_11_seg_2_seg1(2),
open-evaluation-speech,evaluation,dns5,book_00162_chp_0035_reader_06647_12_seg_0_seg1(2),
open-evaluation-speech,evaluation,dns5,book_00162_chp_0035_reader_06647_13_seg_1_seg1,
open-evaluation-speech,evaluation,dns5,book_00162_chp_0035_reader_06647_13_seg_1_seg1(2),
open-evaluation-speech,evaluation,dns5,book_00162_chp_0035_reader_06647_29_seg_1_seg1,
open-evaluation-speech,evaluation,dns5,book_00162_chp_0035_reader_06647_2_seg_1_seg1,
open-evaluation-speech,evaluation,dns5,book_00162_chp_0035_reader_06647_4_seg_0_seg1,
open-evaluation-speech,evaluation,dns5,book_00162_chp_0035_reader_06647_4_seg_0_seg1(2),
open-evaluation-speech,evaluation,dns5,book_00162_chp_0035_reader_06647_5_seg_1_seg1,
open-evaluation-speech,evaluation,dns5,book_00162_chp_0035_reader_06647_5_seg_1_seg1(2),
open-evaluation-speech,evaluation,dns5,book_00162_chp_0035_reader_06647_5_seg_2_seg1(2),
open-evaluation-speech,evaluation,dns5,book_00162_chp_0035_reader_06647_7_seg_0_seg1,
open-evaluation-speech,evaluation,dns5,book_00162_chp_0035_reader_06647_7_seg_0_seg1(2),
open-evaluation-speech,evaluation,dns5,book_00162_chp_0035_reader_06647_8_seg_2_seg2,
open-evaluation-speech,evaluation,dns5,book_00166_chp_0022_reader_09309_3_seg_0_seg1(2),
open-evaluation-speech,evaluation,dns5,book_00166_chp_0022_reader_09309_4_seg_1_seg2,
open-evaluation-speech,evaluation,dns5,book_00166_chp_0025_reader_00732_0_seg_1_seg1,
open-evaluation-speech,evaluation,dns5,book_00166_chp_0025_reader_00732_0_seg_2_seg1,
open-evaluation-speech,evaluation,dns5,book_00166_chp_0025_reader_00732_0_seg_2_seg2(2),
open-evaluation-speech,evaluation,dns5,book_00166_chp_0025_reader_00732_11_seg_1_seg1,
open-evaluation-speech,evaluation,dns5,book_00166_chp_0025_reader_00732_11_seg_2_seg2,
open-evaluation-speech,evaluation,dns5,book_00166_chp_0025_reader_00732_15_seg_1_seg1(2),
open-evaluation-speech,evaluation,dns5,book_00166_chp_0025_reader_00732_15_seg_2_seg2,
open-evaluation-speech,evaluation,dns5,book_00166_chp_0025_reader_00732_16_seg_1_seg1(2),
open-evaluation-speech,evaluation,dns5,book_00166_chp_0025_reader_00732_19_seg_1_seg1(2),
open-evaluation-speech,evaluation,dns5,book_00166_chp_0025_reader_00732_1_seg_2_seg2(2),
open-evaluation-speech,evaluation,dns5,book_00166_chp_0025_reader_00732_22_seg_0_seg2,
open-evaluation-speech,evaluation,dns5,book_00166_chp_0025_reader_00732_24_seg_2_seg3,
open-evaluation-speech,evaluation,dns5,book_00166_chp_0025_reader_00732_30_seg_2_seg1,
open-evaluation-speech,evaluation,dns5,book_00166_chp_0025_reader_00732_3_seg_1_seg1,
open-evaluation-speech,evaluation,dns5,book_00166_chp_0025_reader_00732_3_seg_1_seg2(2),
open-evaluation-speech,evaluation,dns5,book_00166_chp_0025_reader_00732_8_seg_1_seg1(2),
open-evaluation-speech,evaluation,dns5,book_00166_chp_0026_reader_01339_0_seg_2_seg1,
open-evaluation-speech,evaluation,dns5,book_00166_chp_0026_reader_01339_13_seg_2_seg1(2),
open-evaluation-speech,evaluation,dns5,book_00166_chp_0026_reader_01339_18_seg_1_seg2(2),
open-evaluation-speech,evaluation,dns5,book_00166_chp_0026_reader_01339_24_seg_1_seg1,
open-evaluation-speech,evaluation,dns5,book_00166_chp_0026_reader_01339_26_seg_0_seg2(2),
open-evaluation-speech,evaluation,dns5,book_00166_chp_0026_reader_01339_28_seg_0_seg1,
open-evaluation-speech,evaluation,dns5,book_00166_chp_0026_reader_01339_8_seg_1_seg1,
open-evaluation-speech,evaluation,dns5,book_00171_chp_0010_reader_05715_11_seg_0_seg2,
open-evaluation-speech,evaluation,dns5,book_00171_chp_0010_reader_05715_11_seg_0_seg2(2),
open-evaluation-speech,evaluation,dns5,book_00171_chp_0010_reader_05715_15_seg_0_seg1(2),
open-evaluation-speech,evaluation,dns5,book_00171_chp_0010_reader_05715_17_seg_2_seg1,
open-evaluation-speech,evaluation,dns5,book_00171_chp_0010_reader_05715_17_seg_2_seg1(2),
open-evaluation-speech,evaluation,dns5,book_00171_chp_0010_reader_05715_30_seg_1_seg1,
open-evaluation-speech,evaluation,dns5,book_00171_chp_0010_reader_05715_30_seg_1_seg1(2),
open-evaluation-speech,evaluation,dns5,book_00171_chp_0010_reader_05715_42_seg_1_seg2,
open-evaluation-speech,evaluation,dns5,book_00171_chp_0010_reader_05715_58_seg_2_seg2(2),
open-evaluation-speech,evaluation,dns5,book_00255_chp_0011_reader_04471_12_seg_1_seg1(2),
open-evaluation-speech,evaluation,dns5,book_00255_chp_0011_reader_04471_14_seg_1_seg1,
open-evaluation-speech,evaluation,dns5,book_00255_chp_0011_reader_04471_18_seg_1_seg1,
open-evaluation-speech,evaluation,dns5,book_00255_chp_0011_reader_04471_18_seg_1_seg2,
open-evaluation-speech,evaluation,dns5,book_00255_chp_0011_reader_04471_19_seg_1_seg1,
open-evaluation-speech,evaluation,dns5,book_00255_chp_0011_reader_04471_19_seg_1_seg1(2),
open-evaluation-speech,evaluation,dns5,book_00255_chp_0011_reader_04471_3_seg_1_seg1,
open-evaluation-speech,evaluation,dns5,book_00255_chp_0011_reader_04471_3_seg_1_seg1(2),
open-evaluation-speech,evaluation,dns5,book_00336_chp_0052_reader_01653_1_seg_1_seg2(2),
open-evaluation-speech,evaluation,dns5,book_00375_chp_0004_reader_01282_0_seg_1_seg1,
open-evaluation-speech,evaluation,dns5,book_00375_chp_0004_reader_01282_1_seg_1_seg1(2),
open-evaluation-speech,evaluation,dns5,book_00375_chp_0004_reader_01282_2_seg_0_seg1,
open-evaluation-speech,evaluation,dns5,book_00375_chp_0004_reader_01282_2_seg_0_seg1(2),
open-evaluation-speech,evaluation,dns5,book_00375_chp_0004_reader_01282_2_seg_2_seg1,
open-evaluation-speech,evaluation,dns5,book_00375_chp_0004_reader_01282_39_seg_1_seg1,
open-evaluation-speech,evaluation,dns5,book_00375_chp_0004_reader_01282_39_seg_2_seg1(2),
open-evaluation-speech,evaluation,dns5,book_00375_chp_0004_reader_01282_40_seg_2_seg1(2),
open-evaluation-speech,evaluation,dns5,book_00375_chp_0004_reader_01282_42_seg_2_seg3,
open-evaluation-speech,evaluation,dns5,book_00375_chp_0004_reader_01282_42_seg_2_seg3(2),
open-evaluation-speech,evaluation,dns5,book_00375_chp_0004_reader_01282_44_seg_0_seg1,
open-evaluation-speech,evaluation,dns5,book_00375_chp_0004_reader_01282_44_seg_0_seg1(2),
open-evaluation-speech,evaluation,dns5,book_00375_chp_0004_reader_01282_44_seg_2_seg1,
open-evaluation-speech,evaluation,dns5,book_00375_chp_0004_reader_01282_44_seg_2_seg1(2),
open-evaluation-speech,evaluation,dns5,book_00375_chp_0004_reader_01282_47_seg_0_seg1,
open-evaluation-speech,evaluation,dns5,book_00375_chp_0004_reader_01282_5_seg_2_seg1,
open-evaluation-speech,evaluation,dns5,book_00375_chp_0004_reader_01282_63_seg_2_seg2(2),
open-evaluation-speech,evaluation,dns5,book_00375_chp_0004_reader_01282_65_seg_2_seg1,
open-evaluation-speech,evaluation,dns5,book_00375_chp_0004_reader_01282_65_seg_2_seg1(2),
open-evaluation-speech,evaluation,dns5,book_00375_chp_0017_reader_05076_0_seg_2_seg1,
open-evaluation-speech,evaluation,dns5,book_00375_chp_0017_reader_05076_49_seg_0_seg1,
open-evaluation-speech,evaluation,dns5,book_00375_chp_0017_reader_05076_49_seg_0_seg1(2),
open-evaluation-speech,evaluation,dns5,book_00375_chp_0017_reader_05076_83_seg_2_seg1(2),
open-evaluation-speech,evaluation,dns5,book_00384_chp_0022_reader_07500_20_seg_2_seg1,
open-evaluation-speech,evaluation,dns5,book_00384_chp_0022_reader_07500_23_seg_2_seg1(2),
open-evaluation-speech,evaluation,dns5,book_00384_chp_0022_reader_07500_24_seg_2_seg2,
open-evaluation-speech,evaluation,dns5,book_00384_chp_0022_reader_07500_28_seg_2_seg2(2),
open-evaluation-speech,evaluation,dns5,book_00408_chp_0084_reader_02210_2_seg_2_seg2(2),
open-evaluation-speech,evaluation,dns5,book_00408_chp_0084_reader_02210_5_seg_1_seg2(2),
open-evaluation-speech,evaluation,dns5,book_00424_chp_0008_reader_04758_0_seg_1_seg2,
open-evaluation-speech,evaluation,dns5,book_00424_chp_0008_reader_04758_22_seg_1_seg1,
open-evaluation-speech,evaluation,dns5,book_00424_chp_0008_reader_04758_31_seg_1_seg2,
open-evaluation-speech,evaluation,dns5,book_00424_chp_0008_reader_04758_35_seg_1_seg2(2),
open-evaluation-speech,evaluation,dns5,book_00424_chp_0008_reader_04758_42_seg_2_seg1,
open-evaluation-speech,evaluation,dns5,book_00424_chp_0008_reader_04758_46_seg_1_seg1,
open-evaluation-speech,evaluation,dns5,book_00424_chp_0008_reader_04758_53_seg_1_seg1,
open-evaluation-speech,evaluation,dns5,book_00424_chp_0008_reader_04758_54_seg_1_seg2,
open-evaluation-speech,evaluation,dns5,book_00424_chp_0008_reader_04758_5_seg_0_seg1(2),
open-evaluation-speech,evaluation,dns5,book_01415_chp_0017_reader_06507_10_seg_0_seg1(2),
open-evaluation-speech,evaluation,dns5,book_01415_chp_0017_reader_06507_11_seg_2_seg2,
open-evaluation-speech,evaluation,dns5,book_01415_chp_0017_reader_06507_11_seg_2_seg3(2),
open-evaluation-speech,evaluation,dns5,book_01415_chp_0017_reader_06507_13_seg_0_seg1(2),
open-evaluation-speech,evaluation,dns5,book_01415_chp_0017_reader_06507_14_seg_0_seg2,
open-evaluation-speech,evaluation,dns5,book_01415_chp_0017_reader_06507_26_seg_1_seg1(2),
open-evaluation-speech,evaluation,dns5,book_01415_chp_0017_reader_06507_26_seg_2_seg2,
open-evaluation-speech,evaluation,dns5,book_01415_chp_0017_reader_06507_27_seg_1_seg1,
open-evaluation-speech,evaluation,dns5,book_01415_chp_0017_reader_06507_28_seg_2_seg2,
open-evaluation-speech,evaluation,dns5,book_01415_chp_0017_reader_06507_28_seg_2_seg2(2),
open-evaluation-speech,evaluation,dns5,book_01415_chp_0017_reader_06507_29_seg_2_seg2(2),
open-evaluation-speech,evaluation,dns5,book_01415_chp_0017_reader_06507_33_seg_0_seg1,
open-evaluation-speech,evaluation,dns5,book_01415_chp_0017_reader_06507_33_seg_0_seg1(2),
open-evaluation-speech,evaluation,dns5,book_01415_chp_0017_reader_06507_33_seg_1_seg2,
open-evaluation-speech,evaluation,dns5,book_01415_chp_0017_reader_06507_33_seg_1_seg2(2),
open-evaluation-speech,evaluation,dns5,book_01415_chp_0017_reader_06507_35_seg_2_seg1(2),
open-evaluation-speech,evaluation,dns5,book_01415_chp_0017_reader_06507_3_seg_1_seg1(2),
open-evaluation-speech,evaluation,dns5,book_01415_chp_0017_reader_06507_41_seg_2_seg2(2),
open-evaluation-speech,evaluation,dns5,book_01415_chp_0017_reader_06507_42_seg_0_seg2(2),
open-evaluation-speech,evaluation,dns5,book_01415_chp_0017_reader_06507_43_seg_0_seg1(2),
open-evaluation-speech,evaluation,dns5,book_01415_chp_0017_reader_06507_48_seg_2_seg1,
open-evaluation-speech,evaluation,dns5,book_01415_chp_0017_reader_06507_4_seg_0_seg1(2),
open-evaluation-speech,evaluation,dns5,book_01415_chp_0017_reader_06507_4_seg_2_seg2(2),
open-evaluation-speech,evaluation,dns5,book_01415_chp_0017_reader_06507_55_seg_2_seg1,
open-evaluation-speech,evaluation,dns5,book_01415_chp_0017_reader_06507_56_seg_0_seg1,
open-evaluation-speech,evaluation,dns5,book_01415_chp_0017_reader_06507_66_seg_1_seg1(2),
open-evaluation-speech,evaluation,dns5,book_01415_chp_0017_reader_06507_68_seg_2_seg2(2),
open-evaluation-speech,evaluation,dns5,book_01415_chp_0017_reader_06507_69_seg_2_seg1,
open-evaluation-speech,evaluation,dns5,book_01415_chp_0017_reader_06507_69_seg_2_seg1(2),
open-evaluation-speech,evaluation,dns5,book_01415_chp_0017_reader_06507_6_seg_2_seg1,
open-evaluation-speech,evaluation,dns5,book_01415_chp_0017_reader_06507_70_seg_0_seg1,
open-evaluation-speech,evaluation,dns5,book_01415_chp_0017_reader_06507_72_seg_0_seg1(2),
open-evaluation-speech,evaluation,dns5,book_01415_chp_0017_reader_06507_75_seg_0_seg1,
open-evaluation-speech,evaluation,dns5,book_01415_chp_0017_reader_06507_77_seg_0_seg1,
open-evaluation-speech,evaluation,dns5,book_01415_chp_0017_reader_06507_77_seg_2_seg1,
open-evaluation-speech,evaluation,dns5,book_01415_chp_0017_reader_06507_77_seg_2_seg1(2),
open-evaluation-speech,evaluation,dns5,book_01415_chp_0017_reader_06507_9_seg_0_seg1(2),
open-evaluation-speech,evaluation,dns5,book_01415_chp_0017_reader_06507_9_seg_1_seg2(2),
open-evaluation-speech,evaluation,ears,p102_emo_pride_sentences,
open-evaluation-speech,evaluation,ears,p102_freeform_speech_01,
open-evaluation-speech,evaluation,ears,p102_freeform_speech_02,
open-evaluation-speech,evaluation,ears,p102_freeform_speech_03,
open-evaluation-speech,evaluation,ears,p102_freeform_speech_04,
open-evaluation-speech,evaluation,ears,p102_rainbow_01_highpitch,
open-evaluation-speech,evaluation,ears,p102_rainbow_01_lowpitch,
open-evaluation-speech,evaluation,ears,p102_rainbow_01_whisper,
open-evaluation-speech,evaluation,ears,p102_rainbow_02_loud,
open-evaluation-speech,evaluation,ears,p102_rainbow_05_fast,
open-evaluation-speech,evaluation,ears,p102_rainbow_05_highpitch,
open-evaluation-speech,evaluation,ears,p102_rainbow_05_loud,
open-evaluation-speech,evaluation,ears,p102_rainbow_05_lowpitch,
open-evaluation-speech,evaluation,ears,p102_rainbow_05_whisper,
open-evaluation-speech,evaluation,ears,p102_rainbow_06_slow,
open-evaluation-speech,evaluation,ears,p102_rainbow_08_regular,
open-evaluation-speech,evaluation,ears,p102_sentences_01_highpitch,
open-evaluation-speech,evaluation,ears,p102_sentences_01_whisper,
open-evaluation-speech,evaluation,ears,p102_sentences_02_highpitch,
open-evaluation-speech,evaluation,ears,p102_sentences_02_loud,
open-evaluation-speech,evaluation,ears,p102_sentences_02_lowpitch,
open-evaluation-speech,evaluation,ears,p102_sentences_02_slow,
open-evaluation-speech,evaluation,ears,p102_sentences_03_whisper,
open-evaluation-speech,evaluation,ears,p102_sentences_05_loud,
open-evaluation-speech,evaluation,ears,p102_sentences_07_slow,
open-evaluation-speech,evaluation,ears,p102_sentences_08_slow,
open-evaluation-speech,evaluation,ears,p102_sentences_09_fast,
open-evaluation-speech,evaluation,ears,p102_sentences_12_highpitch,
open-evaluation-speech,evaluation,ears,p102_sentences_13_lowpitch,
open-evaluation-speech,evaluation,ears,p102_sentences_18_regular,
open-evaluation-speech,evaluation,ears,p102_sentences_19_regular,
open-evaluation-speech,evaluation,ears,p102_sentences_22_regular,
open-evaluation-speech,evaluation,ears,p103_emo_adoration_sentences,
open-evaluation-speech,evaluation,ears,p103_emo_amazement_sentences,
open-evaluation-speech,evaluation,ears,p103_emo_anger_sentences,
open-evaluation-speech,evaluation,ears,p103_emo_contentment_sentences,
open-evaluation-speech,evaluation,ears,p103_emo_cuteness_sentences,
open-evaluation-speech,evaluation,ears,p103_emo_distress_sentences,
open-evaluation-speech,evaluation,ears,p103_emo_embarassment_sentences,
open-evaluation-speech,evaluation,ears,p103_emo_fear_sentences,
open-evaluation-speech,evaluation,ears,p103_emo_neutral_sentences,
open-evaluation-speech,evaluation,ears,p103_emo_realization_sentences,
open-evaluation-speech,evaluation,ears,p103_emo_relief_sentences,
open-evaluation-speech,evaluation,ears,p103_emo_sadness_sentences,
open-evaluation-speech,evaluation,ears,p103_emo_serenity_freeform,
open-evaluation-speech,evaluation,ears,p103_freeform_speech_01,
open-evaluation-speech,evaluation,ears,p103_freeform_speech_04,
open-evaluation-speech,evaluation,ears,p103_freeform_speech_05,
open-evaluation-speech,evaluation,ears,p103_rainbow_01_loud,
open-evaluation-speech,evaluation,ears,p103_rainbow_01_lowpitch,
open-evaluation-speech,evaluation,ears,p103_rainbow_01_slow,
open-evaluation-speech,evaluation,ears,p103_rainbow_01_whisper,
open-evaluation-speech,evaluation,ears,p103_rainbow_02_fast,
open-evaluation-speech,evaluation,ears,p103_rainbow_02_highpitch,
open-evaluation-speech,evaluation,ears,p103_rainbow_02_lowpitch,
open-evaluation-speech,evaluation,ears,p103_rainbow_03_loud,
open-evaluation-speech,evaluation,ears,p103_rainbow_03_slow,
open-evaluation-speech,evaluation,ears,p103_rainbow_04_fast,
open-evaluation-speech,evaluation,ears,p103_rainbow_04_whisper,
open-evaluation-speech,evaluation,ears,p103_rainbow_05_fast,
open-evaluation-speech,evaluation,ears,p103_rainbow_05_highpitch,
open-evaluation-speech,evaluation,ears,p103_rainbow_06_lowpitch,
open-evaluation-speech,evaluation,ears,p103_rainbow_06_slow,
open-evaluation-speech,evaluation,ears,p103_rainbow_06_whisper,
open-evaluation-speech,evaluation,ears,p103_rainbow_07_lowpitch,
open-evaluation-speech,evaluation,ears,p103_rainbow_07_slow,
open-evaluation-speech,evaluation,ears,p103_rainbow_08_fast,
open-evaluation-speech,evaluation,ears,p103_rainbow_08_loud,
open-evaluation-speech,evaluation,ears,p103_rainbow_08_slow,
open-evaluation-speech,evaluation,ears,p103_sentences_01_fast,
open-evaluation-speech,evaluation,ears,p103_sentences_01_highpitch,
open-evaluation-speech,evaluation,ears,p103_sentences_01_slow,
open-evaluation-speech,evaluation,ears,p103_sentences_01_whisper,
open-evaluation-speech,evaluation,ears,p103_sentences_02_loud,
open-evaluation-speech,evaluation,ears,p103_sentences_02_slow,
open-evaluation-speech,evaluation,ears,p103_sentences_03_whisper,
open-evaluation-speech,evaluation,ears,p103_sentences_04_whisper,
open-evaluation-speech,evaluation,ears,p103_sentences_07_slow,
open-evaluation-speech,evaluation,ears,p103_sentences_10_fast,
open-evaluation-speech,evaluation,ears,p103_sentences_11_highpitch,
open-evaluation-speech,evaluation,ears,p103_sentences_12_highpitch,
open-evaluation-speech,evaluation,ears,p103_sentences_14_lowpitch,
open-evaluation-speech,evaluation,ears,p103_sentences_17_regular,
open-evaluation-speech,evaluation,ears,p103_sentences_22_regular,
open-evaluation-speech,evaluation,ears,p104_emo_anger_sentences,
open-evaluation-speech,evaluation,ears,p104_emo_pain_sentences,
open-evaluation-speech,evaluation,ears,p104_emo_pride_sentences,
open-evaluation-speech,evaluation,ears,p104_emo_realization_sentences,
open-evaluation-speech,evaluation,ears,p104_emo_sadness_sentences,
open-evaluation-speech,evaluation,ears,p104_freeform_speech_01,
open-evaluation-speech,evaluation,ears,p104_freeform_speech_04,
open-evaluation-speech,evaluation,ears,p104_freeform_speech_05,
open-evaluation-speech,evaluation,ears,p104_rainbow_01_highpitch,
open-evaluation-speech,evaluation,ears,p104_rainbow_01_regular,
open-evaluation-speech,evaluation,ears,p104_rainbow_01_slow,
open-evaluation-speech,evaluation,ears,p104_rainbow_03_lowpitch,
open-evaluation-speech,evaluation,ears,p104_rainbow_04_loud,
open-evaluation-speech,evaluation,ears,p104_rainbow_05_fast,
open-evaluation-speech,evaluation,ears,p104_rainbow_05_highpitch,
open-evaluation-speech,evaluation,ears,p104_rainbow_05_loud,
open-evaluation-speech,evaluation,ears,p104_rainbow_05_lowpitch,
open-evaluation-speech,evaluation,ears,p104_rainbow_05_regular,
open-evaluation-speech,evaluation,ears,p104_rainbow_06_loud,
open-evaluation-speech,evaluation,ears,p104_rainbow_06_lowpitch,
open-evaluation-speech,evaluation,ears,p104_rainbow_06_regular,
open-evaluation-speech,evaluation,ears,p104_rainbow_06_whisper,
open-evaluation-speech,evaluation,ears,p104_rainbow_07_fast,
open-evaluation-speech,evaluation,ears,p104_rainbow_07_highpitch,
open-evaluation-speech,evaluation,ears,p104_rainbow_07_loud,
open-evaluation-speech,evaluation,ears,p104_rainbow_07_whisper,
open-evaluation-speech,evaluation,ears,p104_rainbow_08_highpitch,
open-evaluation-speech,evaluation,ears,p104_rainbow_08_lowpitch,
open-evaluation-speech,evaluation,ears,p104_rainbow_08_regular,
open-evaluation-speech,evaluation,ears,p104_rainbow_08_slow,
open-evaluation-speech,evaluation,ears,p104_rainbow_08_whisper,
open-evaluation-speech,evaluation,ears,p104_sentences_01_fast,
open-evaluation-speech,evaluation,ears,p104_sentences_01_lowpitch,
open-evaluation-speech,evaluation,ears,p104_sentences_01_regular,
open-evaluation-speech,evaluation,ears,p104_sentences_02_fast,
open-evaluation-speech,evaluation,ears,p104_sentences_02_slow,
open-evaluation-speech,evaluation,ears,p104_sentences_03_whisper,
open-evaluation-speech,evaluation,ears,p104_sentences_06_loud,
open-evaluation-speech,evaluation,ears,p104_sentences_14_lowpitch,
open-evaluation-speech,evaluation,ears,p104_sentences_18_regular,
open-evaluation-speech,evaluation,ears,p104_sentences_23_regular,
open-evaluation-speech,evaluation,ears,p105_emo_adoration_sentences,
open-evaluation-speech,evaluation,ears,p105_emo_anger_sentences,
open-evaluation-speech,evaluation,ears,p105_emo_disgust_sentences,
open-evaluation-speech,evaluation,ears,p105_emo_embarassment_freeform,
open-evaluation-speech,evaluation,ears,p105_freeform_speech_03,
open-evaluation-speech,evaluation,ears,p105_freeform_speech_04,
open-evaluation-speech,evaluation,ears,p105_freeform_speech_05,
open-evaluation-speech,evaluation,ears,p105_rainbow_01_loud,
open-evaluation-speech,evaluation,ears,p105_rainbow_01_whisper,
open-evaluation-speech,evaluation,ears,p105_rainbow_02_fast,
open-evaluation-speech,evaluation,ears,p105_rainbow_02_lowpitch,
open-evaluation-speech,evaluation,ears,p105_rainbow_03_fast,
open-evaluation-speech,evaluation,ears,p105_rainbow_03_highpitch,
open-evaluation-speech,evaluation,ears,p105_rainbow_04_fast,
open-evaluation-speech,evaluation,ears,p105_rainbow_05_fast,
open-evaluation-speech,evaluation,ears,p105_rainbow_06_loud,
open-evaluation-speech,evaluation,ears,p105_rainbow_06_slow,
open-evaluation-speech,evaluation,ears,p105_rainbow_06_whisper,
open-evaluation-speech,evaluation,ears,p105_rainbow_07_fast,
open-evaluation-speech,evaluation,ears,p105_rainbow_08_loud,
open-evaluation-speech,evaluation,ears,p105_rainbow_08_lowpitch,
open-evaluation-speech,evaluation,ears,p105_rainbow_08_regular,
open-evaluation-speech,evaluation,ears,p105_rainbow_08_slow,
open-evaluation-speech,evaluation,ears,p105_sentences_01_fast,
open-evaluation-speech,evaluation,ears,p105_sentences_01_lowpitch,
open-evaluation-speech,evaluation,ears,p105_sentences_01_regular,
open-evaluation-speech,evaluation,ears,p105_sentences_01_slow,
open-evaluation-speech,evaluation,ears,p105_sentences_02_highpitch,
open-evaluation-speech,evaluation,ears,p105_sentences_02_loud,
open-evaluation-speech,evaluation,ears,p105_sentences_02_lowpitch,
open-evaluation-speech,evaluation,ears,p105_sentences_02_regular,
open-evaluation-speech,evaluation,ears,p105_sentences_03_whisper,
open-evaluation-speech,evaluation,ears,p105_sentences_07_slow,
open-evaluation-speech,evaluation,ears,p106_emo_anger_freeform,
open-evaluation-speech,evaluation,ears,p106_emo_confusion_freeform,
open-evaluation-speech,evaluation,ears,p106_emo_disgust_sentences,
open-evaluation-speech,evaluation,ears,p106_emo_interest_sentences,
open-evaluation-speech,evaluation,ears,p106_freeform_speech_05,
open-evaluation-speech,evaluation,ears,p106_freeform_speech_06,
open-evaluation-speech,evaluation,ears,p106_rainbow_01_highpitch,
open-evaluation-speech,evaluation,ears,p106_rainbow_02_whisper,
open-evaluation-speech,evaluation,ears,p106_rainbow_03_highpitch,
open-evaluation-speech,evaluation,ears,p106_rainbow_03_regular,
open-evaluation-speech,evaluation,ears,p106_rainbow_04_regular,
open-evaluation-speech,evaluation,ears,p106_rainbow_04_whisper,
open-evaluation-speech,evaluation,ears,p106_rainbow_05_fast,
open-evaluation-speech,evaluation,ears,p106_rainbow_05_highpitch,
open-evaluation-speech,evaluation,ears,p106_rainbow_05_lowpitch,
open-evaluation-speech,evaluation,ears,p106_rainbow_06_highpitch,
open-evaluation-speech,evaluation,ears,p106_rainbow_06_lowpitch,
open-evaluation-speech,evaluation,ears,p106_rainbow_06_slow,
open-evaluation-speech,evaluation,ears,p106_rainbow_07_loud,
open-evaluation-speech,evaluation,ears,p106_rainbow_07_slow,
open-evaluation-speech,evaluation,ears,p106_rainbow_08_loud,
open-evaluation-speech,evaluation,ears,p106_rainbow_08_lowpitch,
open-evaluation-speech,evaluation,ears,p106_rainbow_08_regular,
open-evaluation-speech,evaluation,ears,p106_sentences_01_fast,
open-evaluation-speech,evaluation,ears,p106_sentences_01_regular,
open-evaluation-speech,evaluation,ears,p106_sentences_02_highpitch,
open-evaluation-speech,evaluation,ears,p106_sentences_02_loud,
open-evaluation-speech,evaluation,ears,p106_sentences_05_loud,
open-evaluation-speech,evaluation,ears,p106_sentences_07_slow,
open-evaluation-speech,evaluation,ears,p106_sentences_09_fast,
open-evaluation-speech,evaluation,ears,p106_sentences_13_lowpitch,
open-evaluation-speech,evaluation,ears,p106_sentences_14_lowpitch,
open-evaluation-speech,evaluation,ears,p106_sentences_18_regular,
open-evaluation-speech,evaluation,ears,p106_sentences_22_regular,
open-evaluation-speech,evaluation,ears,p107_emo_adoration_sentences,
open-evaluation-speech,evaluation,ears,p107_emo_extasy_sentences,
open-evaluation-speech,evaluation,ears,p107_emo_neutral_sentences,
open-evaluation-speech,evaluation,ears,p107_emo_realization_sentences,
open-evaluation-speech,evaluation,ears,p107_freeform_speech_01,
open-evaluation-speech,evaluation,ears,p107_freeform_speech_04,
open-evaluation-speech,evaluation,ears,p107_rainbow_01_highpitch,
open-evaluation-speech,evaluation,ears,p107_rainbow_03_fast,
open-evaluation-speech,evaluation,ears,p107_rainbow_03_regular,
open-evaluation-speech,evaluation,ears,p107_rainbow_03_slow,
open-evaluation-speech,evaluation,ears,p107_rainbow_03_whisper,
open-evaluation-speech,evaluation,ears,p107_rainbow_04_lowpitch,
open-evaluation-speech,evaluation,ears,p107_rainbow_05_highpitch,
open-evaluation-speech,evaluation,ears,p107_rainbow_05_regular,
open-evaluation-speech,evaluation,ears,p107_rainbow_05_whisper,
open-evaluation-speech,evaluation,ears,p107_rainbow_07_fast,
open-evaluation-speech,evaluation,ears,p107_rainbow_07_whisper,
open-evaluation-speech,evaluation,ears,p107_rainbow_08_loud,
open-evaluation-speech,evaluation,ears,p107_rainbow_08_whisper,
open-evaluation-speech,evaluation,ears,p107_sentences_01_loud,
open-evaluation-speech,evaluation,ears,p107_sentences_01_lowpitch,
open-evaluation-speech,evaluation,ears,p107_sentences_01_slow,
open-evaluation-speech,evaluation,ears,p107_sentences_02_highpitch,
open-evaluation-speech,evaluation,ears,p107_sentences_03_whisper,
open-evaluation-speech,evaluation,ears,p107_sentences_06_loud,
open-evaluation-speech,evaluation,ears,p107_sentences_16_regular,
open-evaluation-speech,evaluation,ears,p107_sentences_18_regular,
open-evaluation-speech,evaluation,vctk,p232_002_mic2,
open-evaluation-speech,evaluation,vctk,p232_004_mic2,
open-evaluation-speech,evaluation,vctk,p232_008_mic2,
open-evaluation-speech,evaluation,vctk,p232_009_mic1,
open-evaluation-speech,evaluation,vctk,p232_011_mic2,
open-evaluation-speech,evaluation,vctk,p232_013_mic2,
open-evaluation-speech,evaluation,vctk,p232_014_mic2,
open-evaluation-speech,evaluation,vctk,p232_017_mic2,
open-evaluation-speech,evaluation,vctk,p232_021_mic2,
open-evaluation-speech,evaluation,vctk,p232_022_mic2,
open-evaluation-speech,evaluation,vctk,p232_029_mic2,
open-evaluation-speech,evaluation,vctk,p232_030_mic2,
open-evaluation-speech,evaluation,vctk,p232_032_mic2,
open-evaluation-speech,evaluation,vctk,p232_049_mic2,
open-evaluation-speech,evaluation,vctk,p232_061_mic1,
open-evaluation-speech,evaluation,vctk,p232_094_mic2,
open-evaluation-speech,evaluation,vctk,p232_099_mic2,
open-evaluation-speech,evaluation,vctk,p232_109_mic2,
open-evaluation-speech,evaluation,vctk,p232_114_mic2,
open-evaluation-speech,evaluation,vctk,p232_118_mic2,
open-evaluation-speech,evaluation,vctk,p232_119_mic2,
open-evaluation-speech,evaluation,vctk,p232_123_mic2,
open-evaluation-speech,evaluation,vctk,p232_128_mic1,
open-evaluation-speech,evaluation,vctk,p232_129_mic2,
open-evaluation-speech,evaluation,vctk,p232_175_mic1,
open-evaluation-speech,evaluation,vctk,p232_185_mic2,
open-evaluation-speech,evaluation,vctk,p232_194_mic1,
open-evaluation-speech,evaluation,vctk,p232_194_mic2,
open-evaluation-speech,evaluation,vctk,p232_200_mic2,
open-evaluation-speech,evaluation,vctk,p232_202_mic2,
open-evaluation-speech,evaluation,vctk,p232_204_mic2,
open-evaluation-speech,evaluation,vctk,p232_206_mic2,
open-evaluation-speech,evaluation,vctk,p232_216_mic2,
open-evaluation-speech,evaluation,vctk,p232_219_mic2,
open-evaluation-speech,evaluation,vctk,p232_220_mic2,
open-evaluation-speech,evaluation,vctk,p232_227_mic2,
open-evaluation-speech,evaluation,vctk,p232_235_mic2,
open-evaluation-speech,evaluation,vctk,p232_237_mic1,
open-evaluation-speech,evaluation,vctk,p232_237_mic2,
open-evaluation-speech,evaluation,vctk,p232_250_mic2,
open-evaluation-speech,evaluation,vctk,p232_252_mic2,
open-evaluation-speech,evaluation,vctk,p232_253_mic2,
open-evaluation-speech,evaluation,vctk,p232_254_mic2,
open-evaluation-speech,evaluation,vctk,p232_262_mic1,
open-evaluation-speech,evaluation,vctk,p232_270_mic2,
open-evaluation-speech,evaluation,vctk,p232_275_mic1,
open-evaluation-speech,evaluation,vctk,p232_295_mic2,
open-evaluation-speech,evaluation,vctk,p232_303_mic2,
open-evaluation-speech,evaluation,vctk,p232_337_mic1,
open-evaluation-speech,evaluation,vctk,p232_347_mic2,
open-evaluation-speech,evaluation,vctk,p232_348_mic2,
open-evaluation-speech,evaluation,vctk,p232_362_mic2,
open-evaluation-speech,evaluation,vctk,p232_377_mic2,
open-evaluation-speech,evaluation,vctk,p232_380_mic1,
open-evaluation-speech,evaluation,vctk,p232_393_mic2,
open-evaluation-speech,evaluation,vctk,p232_397_mic2,
open-evaluation-speech,evaluation,vctk,p232_398_mic1,
open-evaluation-speech,evaluation,vctk,p232_410_mic2,
open-evaluation-speech,evaluation,vctk,p232_412_mic2,
open-evaluation-speech,evaluation,vctk,p257_004_mic2,
open-evaluation-speech,evaluation,vctk,p257_009_mic2,
open-evaluation-speech,evaluation,vctk,p257_012_mic2,
open-evaluation-speech,evaluation,vctk,p257_023_mic2,
open-evaluation-speech,evaluation,vctk,p257_025_mic2,
open-evaluation-speech,evaluation,vctk,p257_071_mic2,
open-evaluation-speech,evaluation,vctk,p257_088_mic2,
open-evaluation-speech,evaluation,vctk,p257_101_mic2,
open-evaluation-speech,evaluation,vctk,p257_127_mic2,
open-evaluation-speech,evaluation,vctk,p257_145_mic2,
open-evaluation-speech,evaluation,vctk,p257_157_mic2,
open-evaluation-speech,evaluation,vctk,p257_168_mic2,
open-evaluation-speech,evaluation,vctk,p257_206_mic2,
open-evaluation-speech,evaluation,vctk,p257_207_mic2,
open-evaluation-speech,evaluation,vctk,p257_223_mic2,
open-evaluation-speech,evaluation,vctk,p257_237_mic2,
open-evaluation-speech,evaluation,vctk,p257_248_mic2,
open-evaluation-speech,evaluation,vctk,p257_278_mic2,
open-evaluation-speech,evaluation,vctk,p257_279_mic2,
open-evaluation-speech,evaluation,vctk,p257_336_mic2,
open-evaluation-speech,evaluation,vctk,p257_366_mic2,
open-evaluation-speech,evaluation,vctk,p257_381_mic2,
open-evaluation-speech,evaluation,vctk,p257_389_mic2,
open-evaluation-speech,evaluation,vctk,p257_422_mic2,
open-evaluation-speech,evaluation,vctk,p257_430_mic2,
validation-noise,validation,dns5,6IpT7TIgGig,
validation-noise,validation,dns5,6V8Om5D_ye0,
validation-noise,validation,dns5,6YufTiCyPNc,
validation-noise,validation,dns5,6o8Iq_QBZoQ,
validation-noise,validation,dns5,6tO3KqYz10g,
validation-noise,validation,dns5,709SwCIcLF4,
validation-noise,validation,dns5,7AvgliEdq_w,
validation-noise,validation,dns5,7BbO2N87bjI,
validation-noise,validation,dns5,7CXMTF6SFWQ,
validation-noise,validation,dns5,7LgJfjGIXUo,
validation-noise,validation,dns5,7bjpVcvc7qE,
validation-noise,validation,dns5,7fH6BZrCmjE,
validation-noise,validation,dns5,7jy8-S37s80,
validation-noise,validation,dns5,7nXkB0wI3sU,
validation-noise,validation,dns5,7pL3UHjTnYw,
validation-noise,validation,dns5,80Rs3qQwpYY,
validation-noise,validation,dns5,8A30tAwXdzM,
validation-noise,validation,dns5,8EgyonZaGAE,
validation-noise,validation,dns5,8SQybCrzLTI,
validation-noise,validation,dns5,8TU1ExydQX8,
validation-noise,validation,dns5,8Wlvho81zus,
validation-noise,validation,dns5,8_Bb9gLQVSs,
validation-noise,validation,dns5,8nCBg_EuS3k,
validation-noise,validation,dns5,8qMObWKw1TA,
validation-noise,validation,dns5,98ktoxtCmAY,
validation-noise,validation,dns5,9I6ZN-TtXCk,
validation-noise,validation,dns5,9VscdMoNS-Q,
validation-noise,validation,dns5,9c5MYyqQdJQ,
validation-noise,validation,dns5,9ltQoaLhuaA,
validation-noise,validation,dns5,9t4PSsRS6eg,
validation-noise,validation,dns5,ADmBLFOGnsk,
validation-noise,validation,dns5,AHpod4wH3bc,
validation-noise,validation,dns5,AI7dUUO4s0A,
validation-noise,validation,dns5,AKqb-UGIe54,
validation-noise,validation,dns5,ALi6U24ZiyM,
validation-noise,validation,dns5,AM2CI3ki1YM,
validation-noise,validation,dns5,AP4ZKIHOLBE,
validation-noise,validation,dns5,AX8EwPipfYw,
validation-noise,validation,dns5,AaExZV45s4c,
validation-noise,validation,dns5,AlpIU4U9s2Q,
validation-noise,validation,dns5,AmlilXoBJGM,
validation-noise,validation,dns5,B-wSJYhOw3Y,
validation-noise,validation,dns5,B2-OTq3hKG0,
validation-noise,validation,dns5,B2gH6BywbvA,
validation-noise,validation,dns5,BLillNNN8VM,
validation-noise,validation,dns5,BTgxXF5nWhs,
validation-noise,validation,dns5,B_7YU0jACu4,
validation-noise,validation,dns5,Ba1kxkkYL5A,
validation-noise,validation,dns5,BiENH0hx3d4,
validation-noise,validation,dns5,Bksl0UCYCaM,
validation-noise,validation,dns5,BnCIPZsZwlQ,
validation-noise,validation,dns5,BqN4CEnrElU,
validation-noise,validation,dns5,BvHw3Srpglk,
validation-noise,validation,dns5,Bx8QxSYu2WU,
validation-noise,validation,dns5,CDDviMlEIgk,
validation-noise,validation,dns5,CHQ_hd8ltpM,
validation-noise,validation,dns5,CHjCyG2vUbQ,
validation-noise,validation,dns5,CV-2gFnisD0,
validation-noise,validation,dns5,CcU1kbeiY6w,
validation-noise,validation,dns5,CiMfyC3I1P4,
validation-noise,validation,dns5,Cl7F390AMsQ,
validation-noise,validation,dns5,CnooURxIm9I,
validation-noise,validation,dns5,DFwqGyqU7k8,
validation-noise,validation,dns5,DIbYipZfZtY,
validation-noise,validation,dns5,DR7NrYCm8JE,
validation-noise,validation,dns5,DjqNhv2pr9U,
validation-noise,validation,dns5,DnrzWno9RY0,
validation-noise,validation,dns5,DpUcH4Pm8mc,
validation-noise,validation,dns5,Dt53UZgyznE,
validation-noise,validation,dns5,Du6eYaJuXZg,
validation-noise,validation,dns5,DvsRYos9F_g,
validation-noise,validation,dns5,E85STgw-jr4,
validation-noise,validation,dns5,EEcQufZFwlc,
validation-noise,validation,dns5,EFI3h02oHPM,
validation-noise,validation,dns5,EJ0AO5aM9n4,
validation-noise,validation,dns5,EM4hYHwcTaY,
validation-noise,validation,dns5,EMb1e8yV2bs,
validation-noise,validation,dns5,EPLgaEuASU8,
validation-noise,validation,dns5,EPtuJoumj9U,
validation-noise,validation,dns5,ETPxubDH7-Y,
validation-noise,validation,dns5,EYbcJwJ1kIA,
validation-noise,validation,dns5,E_GJEaqZhQ0,
validation-noise,validation,dns5,E_yXPsuMjNk,
validation-noise,validation,dns5,Ea3K5y3eT38,
validation-noise,validation,dns5,Een_eBsccYA,
validation-noise,validation,dns5,EpzGP7TdBWk,
validation-noise,validation,dns5,F5e6ysGTYDU,
validation-noise,validation,dns5,FFo-R2GoUQ0,
validation-noise,validation,dns5,FLJs9Zrzd_I,
validation-noise,validation,dns5,F_Vvf7-H6VY,
validation-noise,validation,dns5,Fg672iPh4aw,
validation-noise,validation,dns5,FrcDhG-CBbc,
validation-noise,validation,dns5,FuhzXlzywck,
validation-noise,validation,dns5,Fv7rfnTIq7w,
validation-noise,validation,dns5,G1MAx4Fly9o,
validation-noise,validation,dns5,G440qU8yOkE,
validation-noise,validation,dns5,G4F-tugeXY0,
validation-noise,validation,dns5,G6tjew7CMto,
validation-noise,validation,dns5,G8qYTcK-IuU,
validation-noise,validation,dns5,GCPvr-HKAx8,
validation-noise,validation,dns5,GKANDqtGU8g,
validation-noise,validation,dns5,GStxnrWPZLk,
validation-noise,validation,dns5,GSyA_x0Mv68,
validation-noise,validation,dns5,GTlcKQKAQ2o,
validation-noise,validation,dns5,GvQ6CXvUo2A,
validation-noise,validation,dns5,H2r4JHm00Vg,
validation-noise,validation,dns5,H3nL8Gu4N-Q,
validation-noise,validation,dns5,H4xSAgOrick,
validation-noise,validation,dns5,HEhCXXJMffc,
validation-noise,validation,dns5,HFxCIud26XI,
validation-noise,validation,dns5,HXvge-6i_mk,
validation-noise,validation,dns5,Hdd8a7w3yAs,
validation-noise,validation,dns5,HfqG8qVQNi4,
validation-noise,validation,dns5,HmBBO3sV8DI,
validation-noise,validation,dns5,I5Kz_XS8EzY,
validation-noise,validation,dns5,I6VDkqeOpAc,
validation-noise,validation,dns5,I72s6mVHHD4,
validation-noise,validation,dns5,IBOYwqOcu5U,
validation-noise,validation,dns5,ITkFCKnHePQ,
validation-noise,validation,dns5,IXuSbpLOV3I,
validation-noise,validation,dns5,Ie3G_HLNhZo,
validation-noise,validation,dns5,InpwFGO4Lug,
validation-noise,validation,dns5,IpxJPzvQg30,
validation-noise,validation,dns5,IvaCDtsSsk8,
validation-noise,validation,dns5,JZfvu7leoW0,
validation-noise,validation,dns5,J_rXb0s_BV0,
validation-noise,validation,dns5,J_wCjIduGN4,
validation-noise,validation,dns5,JbxkRKLvwWY,
validation-noise,validation,dns5,JwirI7PLwaU,
validation-noise,validation,dns5,K2YjA18hlVU,
validation-noise,validation,dns5,KE9fX2hwCuI,
validation-noise,validation,dns5,KH_OSkfiJXI,
validation-noise,validation,dns5,KKwmfrvmFRY,
validation-noise,validation,dns5,KSP2LR9XNFY,
validation-noise,validation,dns5,Kb3k3k3WNYU,
validation-noise,validation,dns5,KfkFsUl-PII,
validation-noise,validation,dns5,KivU5_ghnTM,
validation-noise,validation,dns5,Kjc-8FHK9nA,
validation-noise,validation,dns5,KmGhFa_YrB0,
validation-noise,validation,dns5,Ks82WXeSK_I,
validation-noise,validation,dns5,Ktpg0dkV44Q,
validation-noise,validation,dns5,KuWUypeBuQE,
validation-noise,validation,dns5,KyYjbZIkrn8,
validation-noise,validation,dns5,Kz7Ohbt6r-I,
validation-noise,validation,dns5,LAtL1FL9a6Q,
validation-noise,validation,dns5,LGTp1Tg8XsA,
validation-noise,validation,dns5,LHRPmtmlNHY,
validation-noise,validation,dns5,LHbtY7tLiBM,
validation-noise,validation,dns5,LLOeN7BqR9g,
validation-noise,validation,dns5,LMYm0gOYArw,
validation-noise,validation,dns5,LQXIm-4RavQ,
validation-noise,validation,dns5,LVb8TSJ4Odw,
validation-noise,validation,dns5,LZvjxg0CKb4,
validation-noise,validation,dns5,LkVfc7HzpdE,
validation-noise,validation,dns5,LkejqbmlTXw,
validation-noise,validation,dns5,LqJGqLXyXRc,
validation-noise,validation,dns5,LtNdNQlSju4,
validation-noise,validation,dns5,MCNg8zZsklE,
validation-noise,validation,dns5,MCTuCaTxh1c,
validation-noise,validation,dns5,MIAzR7mxWbc,
validation-noise,validation,dns5,MTaEaCTbRVc,
validation-noise,validation,dns5,MVCaRuN2sfY,
validation-noise,validation,dns5,MbFd1mxYqf0,
validation-noise,validation,dns5,MgT6kS7mBpU,
validation-noise,validation,dns5,MkvpjmZH52w,
validation-noise,validation,dns5,MpYd6SDbVEc,
validation-noise,validation,dns5,N6J9nY1m60I,
validation-noise,validation,dns5,NMWCnaPyHhg,
validation-noise,validation,dns5,NPkO63FcFXM,
validation-noise,validation,dns5,NRJ91ZlkVLI,
validation-noise,validation,dns5,NWHPg-CsgWU,
validation-noise,validation,dns5,NhrXMRJhi88,
validation-noise,validation,dns5,NkQEMs1YqSs,
validation-noise,validation,dns5,NkT0PF7pRRI,
validation-noise,validation,dns5,O2TGCwKpVtU,
validation-noise,validation,dns5,O62TO4ELw0Q,
validation-noise,validation,dns5,O6k3TJEMsV0,
validation-noise,validation,dns5,OFcr0uRNRjE,
validation-noise,validation,dns5,OL5FojKuad8,
validation-noise,validation,dns5,OVGDL67s8y8,
validation-noise,validation,dns5,OjQDE7YWkQQ,
validation-noise,validation,dns5,Ow6TtjLXUXE,
validation-noise,validation,dns5,P8BKuqKM-II,
validation-noise,validation,dns5,PDrGsCdy898,
validation-noise,validation,dns5,PN6yTA4upVk,
validation-noise,validation,dns5,PNcsQbR7DLc,
validation-noise,validation,dns5,PVMWiPl7VMU,
validation-noise,validation,dns5,PeqTc7fJpZY,
validation-noise,validation,dns5,Q-LK86Ev6dY,
validation-noise,validation,dns5,Q3PtqzPrUYA,
validation-noise,validation,dns5,QAO8SU08g_U,
validation-noise,validation,dns5,QHGVsJrzWqI,
validation-noise,validation,dns5,QInvWq07M8E,
validation-noise,validation,dns5,QMet4PFzPPk,
validation-noise,validation,dns5,QiEHFpKSlzE,
validation-noise,validation,dns5,R1m13RArsxg,
validation-noise,validation,dns5,R4SOTgOC9RI,
validation-noise,validation,dns5,R5lch7pabv8,
validation-noise,validation,dns5,RBXAGzR_MLw,
validation-noise,validation,dns5,RCnrGTdNL_0,
validation-noise,validation,dns5,RKkiruTzfFA,
validation-noise,validation,dns5,ROT105wbTrQ,
validation-noise,validation,dns5,RXJ-VuSBSQc,
validation-noise,validation,dns5,R_gKRGtBEAA,
validation-noise,validation,dns5,Rau2l7zmbzk,
validation-noise,validation,dns5,RpB9wWO4HCE,
validation-noise,validation,dns5,Rq7wL4xYOGk,
validation-noise,validation,dns5,SJrp4QWKW4Y,
validation-noise,validation,dns5,SOCs_kd16lA,
validation-noise,validation,dns5,SWvEWtScGsc,
validation-noise,validation,dns5,SXBMwl4Znww,
validation-noise,validation,dns5,Sfqek1QNipE,
validation-noise,validation,dns5,SvQfOIxouFI,
validation-noise,validation,dns5,SzYwsOn6G98,
validation-noise,validation,dns5,T1G6137-BPk,
validation-noise,validation,dns5,T3AfkVuo8G8,
validation-noise,validation,dns5,TB0xMZPjzhg,
validation-noise,validation,dns5,TCRKHQ2I54g,
validation-noise,validation,dns5,TDuqAUQSIFY,
validation-noise,validation,dns5,TEOjVwgx44U,
validation-noise,validation,dns5,TKwgscfAgwU,
validation-noise,validation,dns5,TL45DOjD114,
validation-noise,validation,dns5,TRykvFP4sb4,
validation-noise,validation,dns5,TsZ7X7YnuWI,
validation-noise,validation,dns5,Twm7mCQaOxU,
validation-noise,validation,dns5,U1zptvDRwWc,
validation-noise,validation,dns5,U6Pxppdf3c0,
validation-noise,validation,dns5,U8tDJkjg4UA,
validation-noise,validation,dns5,UCv6Qc6iJXc,
validation-noise,validation,dns5,UIvq8fPA_54,
validation-noise,validation,dns5,USyMUdRHBLs,
validation-noise,validation,dns5,UeFpvwRaUE4,
validation-noise,validation,dns5,V1yXLtUx3GA,
validation-noise,validation,dns5,V5Gx_cHIE4M,
validation-noise,validation,dns5,V9pPEUa_Gvg,
validation-noise,validation,dns5,VCAFgDQ34ng,
validation-noise,validation,dns5,VImfgiC7x0U,
validation-noise,validation,dns5,VUwAuUJxvRU,
validation-noise,validation,dns5,VXkP-O4WlXg,
validation-noise,validation,dns5,VYQfSG_FUjY,
validation-noise,validation,dns5,V_6dOom-ST4,
validation-noise,validation,dns5,Vbly9ns_fCk,
validation-noise,validation,dns5,Vkbp8VmL3pM,
validation-noise,validation,dns5,Vq3QadgugHE,
validation-noise,validation,dns5,Vzm9ljhFMts,
validation-noise,validation,dns5,Vzxc1eXs-Hk,
validation-noise,validation,dns5,W288ueg-ZMA,
validation-noise,validation,dns5,W3IZrAuCiUg,
validation-noise,validation,dns5,WAWs2GCtchQ,
validation-noise,validation,dns5,WFyR1jDCkoc,
validation-noise,validation,dns5,WH3zqMQ-DB0,
validation-noise,validation,dns5,WKyC9fC2BUo,
validation-noise,validation,dns5,WPLSlUZZ1_g,
validation-noise,validation,dns5,WZv7-v4Z7Ac,
validation-noise,validation,dns5,W_KiqbSH2Tc,
validation-noise,validation,dns5,WhvvYFjv3xE,
validation-noise,validation,dns5,WjKKClf00Ik,
validation-noise,validation,dns5,Wos4M6jVLMg,
validation-noise,validation,dns5,WsaArSxgEY0,
validation-noise,validation,dns5,Wt0DXhio7qQ,
validation-noise,validation,dns5,X0_5AI75eEo,
validation-noise,validation,dns5,X1g0P2_B2sA,
validation-noise,validation,dns5,XDkYrZzLQv0,
validation-noise,validation,dns5,XK_yX7Q6ClU,
validation-noise,validation,dns5,XUzhFqXF_eg,
validation-noise,validation,dns5,XZNqs9Eoutk,
validation-noise,validation,dns5,Xdy81-DJz6s,
validation-noise,validation,dns5,Xgwlnh1Pzuw,
validation-noise,validation,dns5,XmmSjr3vcUE,
validation-noise,validation,dns5,YFbtT6pdEGc,
validation-noise,validation,dns5,YKx_7986p_k,
validation-noise,validation,dns5,YQAB_OJ7vCk,
validation-noise,validation,dns5,YX6fDUhQJMc,
validation-noise,validation,dns5,YtdWQYALUHI,
validation-noise,validation,dns5,YwMN9U4mHfk,
validation-noise,validation,dns5,YxZdXqczCo8,
validation-noise,validation,dns5,Z--2zi_2ZOs,
validation-noise,validation,dns5,Z0IrCa4MvOA,
validation-noise,validation,dns5,Z3bhsqGHvpo,
validation-noise,validation,dns5,ZMgHfuMi7OE,
validation-noise,validation,dns5,ZViusKcjPSM,
validation-noise,validation,dns5,ZXRwpv8y5SM,
validation-noise,validation,dns5,Zf9npq5EHis,
validation-noise,validation,dns5,Zk9vEJDmQTg,
validation-noise,validation,dns5,ZtW9Ue3t5NQ,
validation-noise,validation,dns5,ZuNnCR0t5Q4,
validation-noise,validation,dns5,_6tHqTDB-1g,
validation-noise,validation,dns5,_8OJU6zmx90,
validation-noise,validation,dns5,_EqVu2lcaqA,
validation-noise,validation,dns5,_LnjSJy1XZ0,
validation-noise,validation,dns5,_NLnh9IBQFw,
validation-noise,validation,dns5,_j6g1B8ZP-U,
validation-noise,validation,dns5,_jQahxbutow,
validation-noise,validation,dns5,a7rf1WCot30,
validation-noise,validation,dns5,aMo3pFVD1MU,
validation-noise,validation,dns5,aTHVNwrEVxI,
validation-noise,validation,dns5,aT_T0XG4wLQ,
validation-noise,validation,dns5,aWPZpBj7vGk,
validation-noise,validation,dns5,a_4F9VFV3c0,
validation-noise,validation,dns5,acGu0pzLk6k,
validation-noise,validation,dns5,aclmBLN2Kg4,
validation-noise,validation,dns5,bJ0TiBup74k,
validation-noise,validation,dns5,bJtXnFylkMo,
validation-noise,validation,dns5,bKfF-_O8yIA,
validation-noise,validation,dns5,bS6WDJSrvkg,
validation-noise,validation,dns5,bVnlAzEOXr4,
validation-noise,validation,dns5,bXSvCQ9BR68,
validation-noise,validation,dns5,bmhigTRvbeI,
validation-noise,validation,dns5,bmoMWLhhcDA,
validation-noise,validation,dns5,breath_spit_Freesound_validated_108160_1,
validation-noise,validation,dns5,breath_spit_Freesound_validated_189340_0,
validation-noise,validation,dns5,breath_spit_Freesound_validated_196395_1,
validation-noise,validation,dns5,breath_spit_Freesound_validated_215732_1,
validation-noise,validation,dns5,breath_spit_Freesound_validated_215734_1,
validation-noise,validation,dns5,breath_spit_Freesound_validated_319022_2,
validation-noise,validation,dns5,breath_spit_Freesound_validated_319022_7,
validation-noise,validation,dns5,breath_spit_Freesound_validated_339182_0,
validation-noise,validation,dns5,breath_spit_Freesound_validated_344407_0,
validation-noise,validation,dns5,breath_spit_Freesound_validated_389631_0,
validation-noise,validation,dns5,breath_spit_Freesound_validated_409793_0,
validation-noise,validation,dns5,breath_spit_Freesound_validated_443100_0,
validation-noise,validation,dns5,breath_spit_Freesound_validated_443837_0,
validation-noise,validation,dns5,breath_spit_Freesound_validated_465250_2,
validation-noise,validation,dns5,breath_spit_Freesound_validated_54961_0,
validation-noise,validation,dns5,c2CLsBkFVt8,
validation-noise,validation,dns5,c5INeenLPh4,
validation-noise,validation,dns5,cDPNL6B12fg,
validation-noise,validation,dns5,cdfJmv3264o,
validation-noise,validation,dns5,cgxTyG6XtSc,
validation-noise,validation,dns5,cjxSfEv7S4Q,
validation-noise,validation,dns5,cuNSBdARtlQ,
validation-noise,validation,dns5,cvhR4ZMS-ms,
validation-noise,validation,dns5,d4HJZ18CsME,
validation-noise,validation,dns5,d4wOpkbAUlg,
validation-noise,validation,dns5,dCfBSaux7xo,
validation-noise,validation,dns5,dGpo2Gu0__w,
validation-noise,validation,dns5,dJGHX5h5fYQ,
validation-noise,validation,dns5,dcx2VMVpo3o,
validation-noise,validation,dns5,doE7_ImOv64,
validation-noise,validation,dns5,door_Freesound_validated_128178_0,
validation-noise,validation,dns5,door_Freesound_validated_131876_0,
validation-noise,validation,dns5,door_Freesound_validated_163645_0,
validation-noise,validation,dns5,door_Freesound_validated_17367_2,
validation-noise,validation,dns5,door_Freesound_validated_184492_4,
validation-noise,validation,dns5,door_Freesound_validated_185782_0,
validation-noise,validation,dns5,door_Freesound_validated_193870_0,
validation-noise,validation,dns5,door_Freesound_validated_203947_0,
validation-noise,validation,dns5,door_Freesound_validated_213345_0,
validation-noise,validation,dns5,door_Freesound_validated_218321_3,
validation-noise,validation,dns5,door_Freesound_validated_250740_0,
validation-noise,validation,dns5,door_Freesound_validated_257372_27,
validation-noise,validation,dns5,door_Freesound_validated_257372_34,
validation-noise,validation,dns5,door_Freesound_validated_260783_1,
validation-noise,validation,dns5,door_Freesound_validated_261304_0,
validation-noise,validation,dns5,door_Freesound_validated_264889_10,
validation-noise,validation,dns5,door_Freesound_validated_267128_3,
validation-noise,validation,dns5,door_Freesound_validated_267128_4,
validation-noise,validation,dns5,door_Freesound_validated_273466_0,
validation-noise,validation,dns5,door_Freesound_validated_325566_15,
validation-noise,validation,dns5,door_Freesound_validated_325566_16,
validation-noise,validation,dns5,door_Freesound_validated_337107_1,
validation-noise,validation,dns5,door_Freesound_validated_342620_0,
validation-noise,validation,dns5,door_Freesound_validated_342705_0,
validation-noise,validation,dns5,door_Freesound_validated_362807_3,
validation-noise,validation,dns5,door_Freesound_validated_362807_43,
validation-noise,validation,dns5,door_Freesound_validated_36822_0,
validation-noise,validation,dns5,door_Freesound_validated_384065_0,
validation-noise,validation,dns5,door_Freesound_validated_389265_0,
validation-noise,validation,dns5,door_Freesound_validated_400711_5,
validation-noise,validation,dns5,door_Freesound_validated_407307_0,
validation-noise,validation,dns5,door_Freesound_validated_432268_6,
validation-noise,validation,dns5,door_Freesound_validated_434632_24,
validation-noise,validation,dns5,door_Freesound_validated_444540_0,
validation-noise,validation,dns5,door_Freesound_validated_450785_4,
validation-noise,validation,dns5,door_Freesound_validated_451008_1,
validation-noise,validation,dns5,door_Freesound_validated_452592_1,
validation-noise,validation,dns5,door_Freesound_validated_457029_0,
validation-noise,validation,dns5,door_Freesound_validated_457234_2,
validation-noise,validation,dns5,door_Freesound_validated_465361_2,
validation-noise,validation,dns5,door_Freesound_validated_471403_0,
validation-noise,validation,dns5,door_Freesound_validated_59014_0,
validation-noise,validation,dns5,door_Freesound_validated_74358_5,
validation-noise,validation,dns5,dragging_Freesound_validated_462644_0,
validation-noise,validation,dns5,dwuHywRxJio,
validation-noise,validation,dns5,e10CcPaU_I4,
validation-noise,validation,dns5,e45OBAhFaj4,
validation-noise,validation,dns5,e9UIJo4Zrwc,
validation-noise,validation,dns5,eJJLFVnH8hA,
validation-noise,validation,dns5,eOtGmBBAOTU,
validation-noise,validation,dns5,eUDyPuuGU-o,
validation-noise,validation,dns5,efqHdj_1Dfc,
validation-noise,validation,dns5,emYsIULmNdg,
validation-noise,validation,dns5,emiJ4jVLR7I,
validation-noise,validation,dns5,f-WmYgt5G3g,
validation-noise,validation,dns5,fCUptrKUv5Q,
validation-noise,validation,dns5,fFbFDvguA3w,
validation-noise,validation,dns5,fIx7e5_26Q8,
validation-noise,validation,dns5,fT1lMcDLJOc,
validation-noise,validation,dns5,fan_Freesound_validated_184565_0,
validation-noise,validation,dns5,fan_Freesound_validated_185875_1,
validation-noise,validation,dns5,fan_Freesound_validated_189029_3,
validation-noise,validation,dns5,fan_Freesound_validated_199318_0,
validation-noise,validation,dns5,fan_Freesound_validated_206149_1,
validation-noise,validation,dns5,fan_Freesound_validated_237299_1,
validation-noise,validation,dns5,fan_Freesound_validated_260817_3,
validation-noise,validation,dns5,fan_Freesound_validated_329644_0,
validation-noise,validation,dns5,fan_Freesound_validated_330264_0,
validation-noise,validation,dns5,fan_Freesound_validated_361372_8,
validation-noise,validation,dns5,fan_Freesound_validated_369662_7,
validation-noise,validation,dns5,fan_Freesound_validated_398819_3,
validation-noise,validation,dns5,fan_Freesound_validated_430043_7,
validation-noise,validation,dns5,fan_Freesound_validated_432712_2,
validation-noise,validation,dns5,fan_Freesound_validated_437342_4,
validation-noise,validation,dns5,fan_Freesound_validated_446319_41,
validation-noise,validation,dns5,fan_Freesound_validated_448924_12,
validation-noise,validation,dns5,fan_Freesound_validated_448924_21,
validation-noise,validation,dns5,fan_Freesound_validated_452146_42,
validation-noise,validation,dns5,fan_Freesound_validated_452146_55,
validation-noise,validation,dns5,fan_Freesound_validated_452146_9,
validation-noise,validation,dns5,fan_Freesound_validated_465613_4,
validation-noise,validation,dns5,fan_Freesound_validated_94921_3,
validation-noise,validation,dns5,ffsSQrf09Vg,
validation-noise,validation,dns5,fk-2XDIbZiQ,
validation-noise,validation,dns5,fuBtfFgI6aU,
validation-noise,validation,dns5,fvqkTNz3buA,
validation-noise,validation,dns5,g0ICxHjC9Uc,
validation-noise,validation,dns5,gMbTvMGwFUw,
validation-noise,validation,dns5,gTjQzB1rChI,
validation-noise,validation,dns5,gTkYiMgexMM,
validation-noise,validation,dns5,gX_0AqNpQlU,
validation-noise,validation,dns5,gXs-N43PhpU,
validation-noise,validation,dns5,g_TVCuGescY,
validation-noise,validation,dns5,gdleOQoVyxM,
validation-noise,validation,dns5,gom_cGWd858,
validation-noise,validation,dns5,gpLg-0SHzZY,
validation-noise,validation,dns5,gqXg3kxxBrA,
validation-noise,validation,dns5,h8D0rjoXQMY,
validation-noise,validation,dns5,hA22TwWscyw,
validation-noise,validation,dns5,hCESGIjoucs,
validation-noise,validation,dns5,hGEFUyJjd_A,
validation-noise,validation,dns5,hOejBK_ShK8,
validation-noise,validation,dns5,hPj3O_idxFs,
validation-noise,validation,dns5,h_7TtbzIq8I,
validation-noise,validation,dns5,h_H8ZnamtKA,
validation-noise,validation,dns5,hkk4vKSMOOQ,
validation-noise,validation,dns5,i6tVjvhYXC8,
validation-noise,validation,dns5,iC5WGU37TEE,
validation-noise,validation,dns5,iDT693Zv_wE,
validation-noise,validation,dns5,iFuw3H6sPXc,
validation-noise,validation,dns5,iKHqGVW-Zu8,
validation-noise,validation,dns5,iMV6aw3Cbe0,
validation-noise,validation,dns5,iVmKz8F7Nvg,
validation-noise,validation,dns5,iXl_sfM8kIQ,
validation-noise,validation,dns5,iZi27J_qK5w,
validation-noise,validation,dns5,ipHWsHkUQNo,
validation-noise,validation,dns5,ishEbTwIvNY,
validation-noise,validation,dns5,ix6DL7Uqkzc,
validation-noise,validation,dns5,j-LKH80iiyY,
validation-noise,validation,dns5,j6V4cJBOki4,
validation-noise,validation,dns5,jB1eOIYw3i4,
validation-noise,validation,dns5,jG03EIs3hQI,
validation-noise,validation,dns5,jjEFJn35epg,
validation-noise,validation,dns5,jlvcWGdtcgU,
validation-noise,validation,dns5,joGlAGx-9iM,
validation-noise,validation,dns5,jqKPJ9JeClI,
validation-noise,validation,dns5,jviaGVJm9w8,
validation-noise,validation,dns5,jxX13T2DNVE,
validation-noise,validation,dns5,k-_uX1ZlGVc,
validation-noise,validation,dns5,kGAe-GoeERM,
validation-noise,validation,dns5,kI6zPubZ5jk,
validation-noise,validation,dns5,l3aaNMmN79U,
validation-noise,validation,dns5,lPbflES85_Q,
validation-noise,validation,dns5,lXHTWyDBkYs,
validation-noise,validation,dns5,lgRoFXL-3XI,
validation-noise,validation,dns5,lmCpGb0U7jc,
validation-noise,validation,dns5,m2ghB0Y3GQM,
validation-noise,validation,dns5,mCNrz4nTKpQ,
validation-noise,validation,dns5,mEuQHNQuODw,
validation-noise,validation,dns5,mNMEWQGWUFI,
validation-noise,validation,dns5,mRPZ84Ich-s,
validation-noise,validation,dns5,mWYDwwqDxj0,
validation-noise,validation,dns5,mXHcpLZocLU,
validation-noise,validation,dns5,mislabeled_munching_Freesound_validated_153524__eakoontz__eating-chips_0,
validation-noise,validation,dns5,mislabeled_munching_Freesound_validated_153524__eakoontz__eating-chips_4,
validation-noise,validation,dns5,mtmf-Gpet-s,
validation-noise,validation,dns5,munching_Freesound_validated_137234__xenognosis__chipbag-and-eating-chips_3,
validation-noise,validation,dns5,munching_Freesound_validated_153524__eakoontz__eating-chips_22,
validation-noise,validation,dns5,nOL7XLxPyr8,
validation-noise,validation,dns5,nT0TIVj1_ho,
validation-noise,validation,dns5,nTcHJMXOI-Y,
validation-noise,validation,dns5,niCYTThE2Jg,
validation-noise,validation,dns5,njzygxCCCaw,
validation-noise,validation,dns5,nnupeF9YJW0,
validation-noise,validation,dns5,o0L3QE3eHN4,
validation-noise,validation,dns5,o8CuqYIayqc,
validation-noise,validation,dns5,oS6Ia8Rd3mU,
validation-noise,validation,dns5,ofe5xA1scVM,
validation-noise,validation,dns5,oxeR6ceNu-g,
validation-noise,validation,dns5,pLCA4ZG4_M0,
validation-noise,validation,dns5,pS2KzNeRamQ,
validation-noise,validation,dns5,pS3c0UhF4Dw,
validation-noise,validation,dns5,pWjG5f3MIDE,
validation-noise,validation,dns5,pZlu8P_lACw,
validation-noise,validation,dns5,pbc6tPB6iAg,
validation-noise,validation,dns5,poHAL8qj8B0,
validation-noise,validation,dns5,ppi_Yjh5oRI,
validation-noise,validation,dns5,q6hIIa9i1v0,
validation-noise,validation,dns5,qAYVatmeMWU,
validation-noise,validation,dns5,qAbZRllv_EY,
validation-noise,validation,dns5,qG5DEk9pM6I,
validation-noise,validation,dns5,qObeX9HMDVo,
validation-noise,validation,dns5,qSCJ8puefpo,
validation-noise,validation,dns5,qypuDkTqZ6I,
validation-noise,validation,dns5,qzvz7DNZaJw,
validation-noise,validation,dns5,r6M-hp2o3NQ,
validation-noise,validation,dns5,r7pNoBKk2lw,
validation-noise,validation,dns5,rXkrMHZXUs0,
validation-noise,validation,dns5,rY_1gyRKgbQ,
validation-noise,validation,dns5,rbBi0yRQdl8,
validation-noise,validation,dns5,rseptJqZnh8,
validation-noise,validation,dns5,s56205SghB8,
validation-noise,validation,dns5,sE59KUdKfx8,
validation-noise,validation,dns5,sHoAFZhbCfI,
validation-noise,validation,dns5,sKlCyIJBQ5s,
validation-noise,validation,dns5,sOpV80-4PbI,
validation-noise,validation,dns5,sQLzWfBvoCk,
validation-noise,validation,dns5,sTUFfgMR8hU,
validation-noise,validation,dns5,sWK-AmyfbFo,
validation-noise,validation,dns5,sYtxzeauvOg,
validation-noise,validation,dns5,sqUupq3YpnM,
validation-noise,validation,dns5,squeak_squeakyChair_Freesound_validated_274082_0,
validation-noise,validation,dns5,squeak_squeakyChair_Freesound_validated_392807_0,
validation-noise,validation,dns5,squeak_squeakyChair_Freesound_validated_417305_0,
validation-noise,validation,dns5,squeak_squeakyChair_Freesound_validated_446004_1,
validation-noise,validation,dns5,squeak_squeakyChair_Freesound_validated_452632_22,
validation-noise,validation,dns5,srDLQI-fcac,
validation-noise,validation,dns5,t3dD_tMwB-E,
validation-noise,validation,dns5,tDlrU8w1vfs,
validation-noise,validation,dns5,tLoiEpfIHR4,
validation-noise,validation,dns5,tPPWLeCTKZU,
validation-noise,validation,dns5,tRw2HjHDVZI,
validation-noise,validation,dns5,tXALVEqXWo8,
validation-noise,validation,dns5,tYTNY3WQXgs,
validation-noise,validation,dns5,tc60vtC4Eso,
validation-noise,validation,dns5,tiZEky4fBV8,
validation-noise,validation,dns5,tjCOggcJM4E,
validation-noise,validation,dns5,tpN3p_1qZZw,
validation-noise,validation,dns5,tr39-SjMbac,
validation-noise,validation,dns5,ttryMuvCzX8,
validation-noise,validation,dns5,typing_Freesound_validated_152586_0,
validation-noise,validation,dns5,typing_Freesound_validated_152887_0,
validation-noise,validation,dns5,typing_Freesound_validated_155571_0,
validation-noise,validation,dns5,typing_Freesound_validated_249889_0,
validation-noise,validation,dns5,typing_Freesound_validated_320550_0,
validation-noise,validation,dns5,typing_Freesound_validated_320550_5,
validation-noise,validation,dns5,typing_Freesound_validated_344220_0,
validation-noise,validation,dns5,typing_Freesound_validated_382057_4,
validation-noise,validation,dns5,typing_Freesound_validated_383677_10,
validation-noise,validation,dns5,typing_Freesound_validated_389703_0,
validation-noise,validation,dns5,typing_Freesound_validated_396304_3,
validation-noise,validation,dns5,typing_Freesound_validated_396304_7,
validation-noise,validation,dns5,typing_Freesound_validated_449609_16,
validation-noise,validation,dns5,typing_Freesound_validated_456191_11,
validation-noise,validation,dns5,typing_Freesound_validated_79711_7,
validation-noise,validation,dns5,u-goIgZmpck,
validation-noise,validation,dns5,u04CsvLr7gE,
validation-noise,validation,dns5,u7LFyMkmpnE,
validation-noise,validation,dns5,u7x_dbTr5xQ,
validation-noise,validation,dns5,u9agByPTKMU,
validation-noise,validation,dns5,uI8NQQZuRkQ,
validation-noise,validation,dns5,uRmeuyTVhOg,
validation-noise,validation,dns5,uWvvzdJVsYM,
validation-noise,validation,dns5,ukg5L09Wpvo,
validation-noise,validation,dns5,vHe39ubLBts,
validation-noise,validation,dns5,vN9xfXNkw78,
validation-noise,validation,dns5,vOWiwnIeudg,
validation-noise,validation,dns5,veCKJc3-Q0c,
validation-noise,validation,dns5,vjUIiL3kOXY,
validation-noise,validation,dns5,vuP-v-sLJAQ,
validation-noise,validation,dns5,wG8pzAWw5KY,
validation-noise,validation,dns5,wixMlfcpB8c,
validation-noise,validation,dns5,wpUN6Rb3a80,
validation-noise,validation,dns5,x1UNootE5CI,
validation-noise,validation,dns5,x3SyxT7EhOw,
validation-noise,validation,dns5,xG0Wl5rKAPI,
validation-noise,validation,dns5,xMvXbW2QHNw,
validation-noise,validation,dns5,x_D-80nFZAQ,
validation-noise,validation,dns5,x_u6jW0whzs,
validation-noise,validation,dns5,xyJubjMLnRg,
validation-noise,validation,dns5,yAEx0SYslEI,
validation-noise,validation,dns5,yG2vvnp0yO0,
validation-noise,validation,dns5,yd_mLGneIV0,
validation-noise,validation,dns5,z-yjcMwZ_KY,
validation-noise,validation,dns5,z5_hhMl4b-o,
validation-noise,validation,dns5,z6YaAFXtB2A,
validation-noise,validation,dns5,zBSPxW8mVCA,
validation-noise,validation,dns5,zKOEdFvgKIE,
validation-noise,validation,dns5,ztLsasPbIPk,
validation-noise,validation,dns5,ztwJ7fiCFQw,
validation-noise,validation,fma,fma_002096,
validation-noise,validation,fma,fma_006684,
validation-noise,validation,fma,fma_008279,
validation-noise,validation,fma,fma_008339,
validation-noise,validation,fma,fma_015625,
validation-noise,validation,fma,fma_018975,
validation-noise,validation,fma,fma_020138,
validation-noise,validation,fma,fma_021135,
validation-noise,validation,fma,fma_028600,
validation-noise,validation,fma,fma_029626,
validation-noise,validation,fma,fma_029942,
validation-noise,validation,fma,fma_039875,
validation-noise,validation,fma,fma_051355,
validation-noise,validation,fma,fma_054160,
validation-noise,validation,fma,fma_055116,
validation-noise,validation,fma,fma_058233,
validation-noise,validation,fma,fma_060546,
validation-noise,validation,fma,fma_060983,
validation-noise,validation,fma,fma_065673,
validation-noise,validation,fma,fma_070444,
validation-noise,validation,fma,fma_070654,
validation-noise,validation,fma,fma_071619,
validation-noise,validation,fma,fma_071986,
validation-noise,validation,fma,fma_073370,
validation-noise,validation,fma,fma_082579,
validation-noise,validation,fma,fma_100916,
validation-noise,validation,fma,fma_107511,
validation-noise,validation,fma,fma_109682,
validation-noise,validation,fma,fma_114289,
validation-noise,validation,fma,fma_117193,
validation-noise,validation,fma,fma_118972,
validation-noise,validation,fma,fma_119990,
validation-noise,validation,fma,fma_122109,
validation-noise,validation,fma,fma_122627,
validation-noise,validation,fma,fma_126321,
validation-noise,validation,fma,fma_127750,
validation-noise,validation,fma,fma_137896,
validation-noise,validation,fma,fma_144803,
validation-noise,validation,fma,fma_145908,
validation-noise,validation,fma,fma_154357,
validation-noise,validation,fsd50k,fsd50k_100309,
validation-noise,validation,fsd50k,fsd50k_100310,
validation-noise,validation,fsd50k,fsd50k_100318,
validation-noise,validation,fsd50k,fsd50k_101159,
validation-noise,validation,fsd50k,fsd50k_106073,
validation-noise,validation,fsd50k,fsd50k_108563,
validation-noise,validation,fsd50k,fsd50k_109746,
validation-noise,validation,fsd50k,fsd50k_111025,
validation-noise,validation,fsd50k,fsd50k_111096,
validation-noise,validation,fsd50k,fsd50k_112561,
validation-noise,validation,fsd50k,fsd50k_113216,
validation-noise,validation,fsd50k,fsd50k_114188,
validation-noise,validation,fsd50k,fsd50k_114469,
validation-noise,validation,fsd50k,fsd50k_115521,
validation-noise,validation,fsd50k,fsd50k_116872,
validation-noise,validation,fsd50k,fsd50k_117566,
validation-noise,validation,fsd50k,fsd50k_119639,
validation-noise,validation,fsd50k,fsd50k_124058,
validation-noise,validation,fsd50k,fsd50k_124128,
validation-noise,validation,fsd50k,fsd50k_124184,
validation-noise,validation,fsd50k,fsd50k_126304,
validation-noise,validation,fsd50k,fsd50k_127978,
validation-noise,validation,fsd50k,fsd50k_128297,
validation-noise,validation,fsd50k,fsd50k_134013,
validation-noise,validation,fsd50k,fsd50k_13445,
validation-noise,validation,fsd50k,fsd50k_13458,
validation-noise,validation,fsd50k,fsd50k_135509,
validation-noise,validation,fsd50k,fsd50k_136694,
validation-noise,validation,fsd50k,fsd50k_137146,
validation-noise,validation,fsd50k,fsd50k_137466,
validation-noise,validation,fsd50k,fsd50k_137489,
validation-noise,validation,fsd50k,fsd50k_137534,
validation-noise,validation,fsd50k,fsd50k_137579,
validation-noise,validation,fsd50k,fsd50k_137635,
validation-noise,validation,fsd50k,fsd50k_13857,
validation-noise,validation,fsd50k,fsd50k_13862,
validation-noise,validation,fsd50k,fsd50k_138737,
validation-noise,validation,fsd50k,fsd50k_138850,
validation-noise,validation,fsd50k,fsd50k_138884,
validation-noise,validation,fsd50k,fsd50k_138885,
validation-noise,validation,fsd50k,fsd50k_142016,
validation-noise,validation,fsd50k,fsd50k_142453,
validation-noise,validation,fsd50k,fsd50k_142530,
validation-noise,validation,fsd50k,fsd50k_142976,
validation-noise,validation,fsd50k,fsd50k_144738,
validation-noise,validation,fsd50k,fsd50k_144873,
validation-noise,validation,fsd50k,fsd50k_144906,
validation-noise,validation,fsd50k,fsd50k_145046,
validation-noise,validation,fsd50k,fsd50k_146543,
validation-noise,validation,fsd50k,fsd50k_150778,
validation-noise,validation,fsd50k,fsd50k_151190,
validation-noise,validation,fsd50k,fsd50k_151194,
validation-noise,validation,fsd50k,fsd50k_151904,
validation-noise,validation,fsd50k,fsd50k_152092,
validation-noise,validation,fsd50k,fsd50k_152758,
validation-noise,validation,fsd50k,fsd50k_152781,
validation-noise,validation,fsd50k,fsd50k_153906,
validation-noise,validation,fsd50k,fsd50k_15414,
validation-noise,validation,fsd50k,fsd50k_155251,
validation-noise,validation,fsd50k,fsd50k_156306,
validation-noise,validation,fsd50k,fsd50k_156316,
validation-noise,validation,fsd50k,fsd50k_156433,
validation-noise,validation,fsd50k,fsd50k_160350,
validation-noise,validation,fsd50k,fsd50k_160477,
validation-noise,validation,fsd50k,fsd50k_162361,
validation-noise,validation,fsd50k,fsd50k_162989,
validation-noise,validation,fsd50k,fsd50k_164489,
validation-noise,validation,fsd50k,fsd50k_16463,
validation-noise,validation,fsd50k,fsd50k_164651,
validation-noise,validation,fsd50k,fsd50k_166305,
validation-noise,validation,fsd50k,fsd50k_167269,
validation-noise,validation,fsd50k,fsd50k_168480,
validation-noise,validation,fsd50k,fsd50k_168483,
validation-noise,validation,fsd50k,fsd50k_171755,
validation-noise,validation,fsd50k,fsd50k_174824,
validation-noise,validation,fsd50k,fsd50k_174863,
validation-noise,validation,fsd50k,fsd50k_178021,
validation-noise,validation,fsd50k,fsd50k_178059,
validation-noise,validation,fsd50k,fsd50k_178371,
validation-noise,validation,fsd50k,fsd50k_178457,
validation-noise,validation,fsd50k,fsd50k_179249,
validation-noise,validation,fsd50k,fsd50k_180980,
validation-noise,validation,fsd50k,fsd50k_181380,
validation-noise,validation,fsd50k,fsd50k_181486,
validation-noise,validation,fsd50k,fsd50k_182120,
validation-noise,validation,fsd50k,fsd50k_182789,
validation-noise,validation,fsd50k,fsd50k_182902,
validation-noise,validation,fsd50k,fsd50k_182944,
validation-noise,validation,fsd50k,fsd50k_187145,
validation-noise,validation,fsd50k,fsd50k_187309,
validation-noise,validation,fsd50k,fsd50k_187944,
validation-noise,validation,fsd50k,fsd50k_18809,
validation-noise,validation,fsd50k,fsd50k_18815,
validation-noise,validation,fsd50k,fsd50k_188572,
validation-noise,validation,fsd50k,fsd50k_192195,
validation-noise,validation,fsd50k,fsd50k_19427,
validation-noise,validation,fsd50k,fsd50k_195410,
validation-noise,validation,fsd50k,fsd50k_196343,
validation-noise,validation,fsd50k,fsd50k_196720,
validation-noise,validation,fsd50k,fsd50k_197734,
validation-noise,validation,fsd50k,fsd50k_199066,
validation-noise,validation,fsd50k,fsd50k_199445,
validation-noise,validation,fsd50k,fsd50k_204009,
validation-noise,validation,fsd50k,fsd50k_207598,
validation-noise,validation,fsd50k,fsd50k_208383,
validation-noise,validation,fsd50k,fsd50k_209941,
validation-noise,validation,fsd50k,fsd50k_211687,
validation-noise,validation,fsd50k,fsd50k_214875,
validation-noise,validation,fsd50k,fsd50k_215019,
validation-noise,validation,fsd50k,fsd50k_215325,
validation-noise,validation,fsd50k,fsd50k_215819,
validation-noise,validation,fsd50k,fsd50k_216228,
validation-noise,validation,fsd50k,fsd50k_216289,
validation-noise,validation,fsd50k,fsd50k_216636,
validation-noise,validation,fsd50k,fsd50k_21851,
validation-noise,validation,fsd50k,fsd50k_218779,
validation-noise,validation,fsd50k,fsd50k_219846,
validation-noise,validation,fsd50k,fsd50k_222196,
validation-noise,validation,fsd50k,fsd50k_222346,
validation-noise,validation,fsd50k,fsd50k_230114,
validation-noise,validation,fsd50k,fsd50k_232457,
validation-noise,validation,fsd50k,fsd50k_233114,
validation-noise,validation,fsd50k,fsd50k_233181,
validation-noise,validation,fsd50k,fsd50k_233390,
validation-noise,validation,fsd50k,fsd50k_236020,
validation-noise,validation,fsd50k,fsd50k_236055,
validation-noise,validation,fsd50k,fsd50k_236118,
validation-noise,validation,fsd50k,fsd50k_236159,
validation-noise,validation,fsd50k,fsd50k_236277,
validation-noise,validation,fsd50k,fsd50k_236281,
validation-noise,validation,fsd50k,fsd50k_239693,
validation-noise,validation,fsd50k,fsd50k_241530,
validation-noise,validation,fsd50k,fsd50k_242367,
validation-noise,validation,fsd50k,fsd50k_242429,
validation-noise,validation,fsd50k,fsd50k_243517,
validation-noise,validation,fsd50k,fsd50k_245197,
validation-noise,validation,fsd50k,fsd50k_245749,
validation-noise,validation,fsd50k,fsd50k_246583,
validation-noise,validation,fsd50k,fsd50k_247043,
validation-noise,validation,fsd50k,fsd50k_247466,
validation-noise,validation,fsd50k,fsd50k_247499,
validation-noise,validation,fsd50k,fsd50k_247590,
validation-noise,validation,fsd50k,fsd50k_247774,
validation-noise,validation,fsd50k,fsd50k_247923,
validation-noise,validation,fsd50k,fsd50k_248237,
validation-noise,validation,fsd50k,fsd50k_248436,
validation-noise,validation,fsd50k,fsd50k_248664,
validation-noise,validation,fsd50k,fsd50k_248873,
validation-noise,validation,fsd50k,fsd50k_249418,
validation-noise,validation,fsd50k,fsd50k_24973,
validation-noise,validation,fsd50k,fsd50k_250630,
validation-noise,validation,fsd50k,fsd50k_250703,
validation-noise,validation,fsd50k,fsd50k_250810,
validation-noise,validation,fsd50k,fsd50k_251156,
validation-noise,validation,fsd50k,fsd50k_252715,
validation-noise,validation,fsd50k,fsd50k_253838,
validation-noise,validation,fsd50k,fsd50k_254481,
validation-noise,validation,fsd50k,fsd50k_254573,
validation-noise,validation,fsd50k,fsd50k_256827,
validation-noise,validation,fsd50k,fsd50k_257046,
validation-noise,validation,fsd50k,fsd50k_258002,
validation-noise,validation,fsd50k,fsd50k_261391,
validation-noise,validation,fsd50k,fsd50k_261847,
validation-noise,validation,fsd50k,fsd50k_262007,
validation-noise,validation,fsd50k,fsd50k_264151,
validation-noise,validation,fsd50k,fsd50k_264194,
validation-noise,validation,fsd50k,fsd50k_268266,
validation-noise,validation,fsd50k,fsd50k_269313,
validation-noise,validation,fsd50k,fsd50k_270441,
validation-noise,validation,fsd50k,fsd50k_272035,
validation-noise,validation,fsd50k,fsd50k_273112,
validation-noise,validation,fsd50k,fsd50k_274311,
validation-noise,validation,fsd50k,fsd50k_274841,
validation-noise,validation,fsd50k,fsd50k_275601,
validation-noise,validation,fsd50k,fsd50k_276136,
validation-noise,validation,fsd50k,fsd50k_276159,
validation-noise,validation,fsd50k,fsd50k_28879,
validation-noise,validation,fsd50k,fsd50k_31107,
validation-noise,validation,fsd50k,fsd50k_316205,
validation-noise,validation,fsd50k,fsd50k_316412,
validation-noise,validation,fsd50k,fsd50k_318647,
validation-noise,validation,fsd50k,fsd50k_321135,
validation-noise,validation,fsd50k,fsd50k_321974,
validation-noise,validation,fsd50k,fsd50k_322428,
validation-noise,validation,fsd50k,fsd50k_32298,
validation-noise,validation,fsd50k,fsd50k_323128,
validation-noise,validation,fsd50k,fsd50k_323766,
validation-noise,validation,fsd50k,fsd50k_325156,
validation-noise,validation,fsd50k,fsd50k_325781,
validation-noise,validation,fsd50k,fsd50k_32606,
validation-noise,validation,fsd50k,fsd50k_32667,
validation-noise,validation,fsd50k,fsd50k_327087,
validation-noise,validation,fsd50k,fsd50k_327153,
validation-noise,validation,fsd50k,fsd50k_329076,
validation-noise,validation,fsd50k,fsd50k_331449,
validation-noise,validation,fsd50k,fsd50k_334053,
validation-noise,validation,fsd50k,fsd50k_33509,
validation-noise,validation,fsd50k,fsd50k_33567,
validation-noise,validation,fsd50k,fsd50k_335687,
validation-noise,validation,fsd50k,fsd50k_335937,
validation-noise,validation,fsd50k,fsd50k_336561,
validation-noise,validation,fsd50k,fsd50k_336592,
validation-noise,validation,fsd50k,fsd50k_338093,
validation-noise,validation,fsd50k,fsd50k_339451,
validation-noise,validation,fsd50k,fsd50k_339639,
validation-noise,validation,fsd50k,fsd50k_34005,
validation-noise,validation,fsd50k,fsd50k_340245,
validation-noise,validation,fsd50k,fsd50k_340557,
validation-noise,validation,fsd50k,fsd50k_341410,
validation-noise,validation,fsd50k,fsd50k_342254,
validation-noise,validation,fsd50k,fsd50k_342637,
validation-noise,validation,fsd50k,fsd50k_343786,
validation-noise,validation,fsd50k,fsd50k_343927,
validation-noise,validation,fsd50k,fsd50k_344646,
validation-noise,validation,fsd50k,fsd50k_345276,
validation-noise,validation,fsd50k,fsd50k_345421,
validation-noise,validation,fsd50k,fsd50k_346498,
validation-noise,validation,fsd50k,fsd50k_346678,
validation-noise,validation,fsd50k,fsd50k_34692,
validation-noise,validation,fsd50k,fsd50k_347327,
validation-noise,validation,fsd50k,fsd50k_348878,
validation-noise,validation,fsd50k,fsd50k_349196,
validation-noise,validation,fsd50k,fsd50k_349785,
validation-noise,validation,fsd50k,fsd50k_35056,
validation-noise,validation,fsd50k,fsd50k_353452,
validation-noise,validation,fsd50k,fsd50k_353937,
validation-noise,validation,fsd50k,fsd50k_354421,
validation-noise,validation,fsd50k,fsd50k_355095,
validation-noise,validation,fsd50k,fsd50k_355210,
validation-noise,validation,fsd50k,fsd50k_355761,
validation-noise,validation,fsd50k,fsd50k_356153,
validation-noise,validation,fsd50k,fsd50k_356844,
validation-noise,validation,fsd50k,fsd50k_357747,
validation-noise,validation,fsd50k,fsd50k_358733,
validation-noise,validation,fsd50k,fsd50k_360052,
validation-noise,validation,fsd50k,fsd50k_361278,
validation-noise,validation,fsd50k,fsd50k_362195,
validation-noise,validation,fsd50k,fsd50k_363875,
validation-noise,validation,fsd50k,fsd50k_364718,
validation-noise,validation,fsd50k,fsd50k_365844,
validation-noise,validation,fsd50k,fsd50k_366199,
validation-noise,validation,fsd50k,fsd50k_368944,
validation-noise,validation,fsd50k,fsd50k_369104,
validation-noise,validation,fsd50k,fsd50k_369754,
validation-noise,validation,fsd50k,fsd50k_370732,
validation-noise,validation,fsd50k,fsd50k_371490,
validation-noise,validation,fsd50k,fsd50k_371492,
validation-noise,validation,fsd50k,fsd50k_372815,
validation-noise,validation,fsd50k,fsd50k_373358,
validation-noise,validation,fsd50k,fsd50k_382718,
validation-noise,validation,fsd50k,fsd50k_38307,
validation-noise,validation,fsd50k,fsd50k_383546,
validation-noise,validation,fsd50k,fsd50k_383573,
validation-noise,validation,fsd50k,fsd50k_383668,
validation-noise,validation,fsd50k,fsd50k_385931,
validation-noise,validation,fsd50k,fsd50k_386125,
validation-noise,validation,fsd50k,fsd50k_386355,
validation-noise,validation,fsd50k,fsd50k_386374,
validation-noise,validation,fsd50k,fsd50k_386845,
validation-noise,validation,fsd50k,fsd50k_387758,
validation-noise,validation,fsd50k,fsd50k_388478,
validation-noise,validation,fsd50k,fsd50k_39083,
validation-noise,validation,fsd50k,fsd50k_393454,
validation-noise,validation,fsd50k,fsd50k_393938,
validation-noise,validation,fsd50k,fsd50k_394437,
validation-noise,validation,fsd50k,fsd50k_394851,
validation-noise,validation,fsd50k,fsd50k_395339,
validation-noise,validation,fsd50k,fsd50k_3977,
validation-noise,validation,fsd50k,fsd50k_398448,
validation-noise,validation,fsd50k,fsd50k_398815,
validation-noise,validation,fsd50k,fsd50k_399755,
validation-noise,validation,fsd50k,fsd50k_400116,
validation-noise,validation,fsd50k,fsd50k_402203,
validation-noise,validation,fsd50k,fsd50k_404436,
validation-noise,validation,fsd50k,fsd50k_406251,
validation-noise,validation,fsd50k,fsd50k_406814,
validation-noise,validation,fsd50k,fsd50k_408194,
validation-noise,validation,fsd50k,fsd50k_408839,
validation-noise,validation,fsd50k,fsd50k_410629,
validation-noise,validation,fsd50k,fsd50k_410738,
validation-noise,validation,fsd50k,fsd50k_410761,
validation-noise,validation,fsd50k,fsd50k_410762,
validation-noise,validation,fsd50k,fsd50k_413105,
validation-noise,validation,fsd50k,fsd50k_414303,
validation-noise,validation,fsd50k,fsd50k_415287,
validation-noise,validation,fsd50k,fsd50k_416890,
validation-noise,validation,fsd50k,fsd50k_417660,
validation-noise,validation,fsd50k,fsd50k_418427,
validation-noise,validation,fsd50k,fsd50k_422071,
validation-noise,validation,fsd50k,fsd50k_422670,
validation-noise,validation,fsd50k,fsd50k_423340,
validation-noise,validation,fsd50k,fsd50k_423357,
validation-noise,validation,fsd50k,fsd50k_428380,
validation-noise,validation,fsd50k,fsd50k_432900,
validation-noise,validation,fsd50k,fsd50k_434260,
validation-noise,validation,fsd50k,fsd50k_434278,
validation-noise,validation,fsd50k,fsd50k_435284,
validation-noise,validation,fsd50k,fsd50k_43822,
validation-noise,validation,fsd50k,fsd50k_44066,
validation-noise,validation,fsd50k,fsd50k_46283,
validation-noise,validation,fsd50k,fsd50k_46315,
validation-noise,validation,fsd50k,fsd50k_46319,
validation-noise,validation,fsd50k,fsd50k_47665,
validation-noise,validation,fsd50k,fsd50k_48495,
validation-noise,validation,fsd50k,fsd50k_48989,
validation-noise,validation,fsd50k,fsd50k_51414,
validation-noise,validation,fsd50k,fsd50k_53294,
validation-noise,validation,fsd50k,fsd50k_53500,
validation-noise,validation,fsd50k,fsd50k_53590,
validation-noise,validation,fsd50k,fsd50k_53601,
validation-noise,validation,fsd50k,fsd50k_53760,
validation-noise,validation,fsd50k,fsd50k_55989,
validation-noise,validation,fsd50k,fsd50k_56552,
validation-noise,validation,fsd50k,fsd50k_56595,
validation-noise,validation,fsd50k,fsd50k_56673,
validation-noise,validation,fsd50k,fsd50k_56688,
validation-noise,validation,fsd50k,fsd50k_56969,
validation-noise,validation,fsd50k,fsd50k_56975,
validation-noise,validation,fsd50k,fsd50k_57881,
validation-noise,validation,fsd50k,fsd50k_59054,
validation-noise,validation,fsd50k,fsd50k_60044,
validation-noise,validation,fsd50k,fsd50k_60553,
validation-noise,validation,fsd50k,fsd50k_62206,
validation-noise,validation,fsd50k,fsd50k_62283,
validation-noise,validation,fsd50k,fsd50k_62756,
validation-noise,validation,fsd50k,fsd50k_63834,
validation-noise,validation,fsd50k,fsd50k_63865,
validation-noise,validation,fsd50k,fsd50k_63917,
validation-noise,validation,fsd50k,fsd50k_63919,
validation-noise,validation,fsd50k,fsd50k_64522,
validation-noise,validation,fsd50k,fsd50k_64528,
validation-noise,validation,fsd50k,fsd50k_64532,
validation-noise,validation,fsd50k,fsd50k_64775,
validation-noise,validation,fsd50k,fsd50k_65158,
validation-noise,validation,fsd50k,fsd50k_65722,
validation-noise,validation,fsd50k,fsd50k_66876,
validation-noise,validation,fsd50k,fsd50k_67561,
validation-noise,validation,fsd50k,fsd50k_67562,
validation-noise,validation,fsd50k,fsd50k_75164,
validation-noise,validation,fsd50k,fsd50k_75658,
validation-noise,validation,fsd50k,fsd50k_75966,
validation-noise,validation,fsd50k,fsd50k_76173,
validation-noise,validation,fsd50k,fsd50k_77550,
validation-noise,validation,fsd50k,fsd50k_7900,
validation-noise,validation,fsd50k,fsd50k_79058,
validation-noise,validation,fsd50k,fsd50k_79148,
validation-noise,validation,fsd50k,fsd50k_79155,
validation-noise,validation,fsd50k,fsd50k_79204,
validation-noise,validation,fsd50k,fsd50k_80391,
validation-noise,validation,fsd50k,fsd50k_80842,
validation-noise,validation,fsd50k,fsd50k_82671,
validation-noise,validation,fsd50k,fsd50k_82909,
validation-noise,validation,fsd50k,fsd50k_83483,
validation-noise,validation,fsd50k,fsd50k_85360,
validation-noise,validation,fsd50k,fsd50k_85912,
validation-noise,validation,fsd50k,fsd50k_86656,
validation-noise,validation,fsd50k,fsd50k_88147,
validation-noise,validation,fsd50k,fsd50k_88235,
validation-noise,validation,fsd50k,fsd50k_88900,
validation-noise,validation,fsd50k,fsd50k_88969,
validation-noise,validation,fsd50k,fsd50k_90349,
validation-noise,validation,fsd50k,fsd50k_92352,
validation-noise,validation,fsd50k,fsd50k_93299,
validation-noise,validation,fsd50k,fsd50k_93733,
validation-noise,validation,fsd50k,fsd50k_95342,
validation-noise,validation,fsd50k,fsd50k_96159,
validation-noise,validation,fsd50k,fsd50k_96194,
validation-noise,validation,fsd50k,fsd50k_98447,
validation-noise,validation,wham,file013_015840000_loc05_day2,
validation-noise,validation,wham,file014_056640000_loc05_day2,
validation-noise,validation,wham,file023_018720000_loc05_day3,
validation-noise,validation,wham,file040_045600000_loc05_day4,
validation-noise,validation,wham,file058_000480000_loc10_day1,
validation-noise,validation,wham,file068_000960000_loc10_day3,
validation-noise,validation,wham,file091_038400000_loc38_day1,
validation-noise,validation,wham,file128_029760000_loc23_day1,
validation-noise,validation,wham,file149_013920000_loc37_day1,
validation-noise,validation,wham,file164_040320000_loc17_day1,
validation-noise,validation,wham,file166_047040000_loc17_day1,
validation-noise,validation,wham,file167_029760000_loc17_day1,
validation-noise,validation,wham,file184_053280000_loc39_day2,
validation-rir,validation,dns5,SLR28/RIRS_NOISES/real_rirs_isotropic_noises/air_type1_air_binaural_aula_carolina_1_4_90_3,
validation-rir,validation,dns5,SLR28/RIRS_NOISES/real_rirs_isotropic_noises/air_type1_air_binaural_aula_carolina_1_6_90_3,
validation-rir,validation,dns5,SLR28/RIRS_NOISES/real_rirs_isotropic_noises/air_type1_air_binaural_stairway_1_3_0,
validation-rir,validation,dns5,SLR28/RIRS_NOISES/real_rirs_isotropic_noises/air_type1_air_binaural_stairway_1_3_135,
validation-rir,validation,dns5,SLR28/RIRS_NOISES/real_rirs_isotropic_noises/air_type1_air_binaural_stairway_1_3_150,
validation-rir,validation,dns5,SLR28/RIRS_NOISES/real_rirs_isotropic_noises/air_type1_air_binaural_stairway_1_3_180,
validation-rir,validation,dns5,SLR28/RIRS_NOISES/real_rirs_isotropic_noises/air_type1_air_binaural_stairway_1_3_30,
validation-rir,validation,dns5,SLR28/RIRS_NOISES/real_rirs_isotropic_noises/air_type1_air_binaural_stairway_1_3_60,
validation-rir,validation,dns5,SLR28/RIRS_NOISES/real_rirs_isotropic_noises/air_type1_air_phone_corridor_hfrp,
validation-rir,validation,dns5,SLR28/RIRS_NOISES/real_rirs_isotropic_noises/air_type1_air_phone_stairway1_hfrp,
validation-rir,validation,dns5,SLR28/RIRS_NOISES/real_rirs_isotropic_noises/air_type1_air_phone_stairway1_hhp,
validation-rir,validation,motus,motus_0001_2_raw_rirs,
validation-rir,validation,motus,motus_0001_3_raw_rirs,
validation-rir,validation,motus,motus_0002_1_raw_rirs,
validation-rir,validation,motus,motus_0002_2_raw_rirs,
validation-rir,validation,motus,motus_0050_4_raw_rirs,
validation-rir,validation,motus,motus_0056_3_raw_rirs,
validation-rir,validation,motus,motus_0094_2_raw_rirs,
validation-rir,validation,motus,motus_0105_2_raw_rirs,
validation-rir,validation,motus,motus_0165_4_raw_rirs,
validation-rir,validation,motus,motus_0193_1_raw_rirs,
validation-rir,validation,motus,motus_0195_1_raw_rirs,
validation-rir,validation,motus,motus_0223_1_raw_rirs,
validation-rir,validation,motus,motus_0224_1_raw_rirs,
validation-rir,validation,motus,motus_0229_1_raw_rirs,
validation-rir,validation,motus,motus_0236_1_raw_rirs,
validation-rir,validation,motus,motus_0240_1_raw_rirs,
validation-rir,validation,motus,motus_0266_1_raw_rirs,
validation-rir,validation,motus,motus_0268_1_raw_rirs,
validation-rir,validation,motus,motus_0275_1_raw_rirs,
validation-rir,validation,motus,motus_0276_1_raw_rirs,
validation-rir,validation,motus,motus_0284_2_raw_rirs,
validation-rir,validation,motus,motus_0289_1_raw_rirs,
validation-rir,validation,motus,motus_0292_4_raw_rirs,
validation-rir,validation,motus,motus_0297_1_raw_rirs,
validation-rir,validation,motus,motus_0322_1_raw_rirs,
validation-rir,validation,motus,motus_0345_2_raw_rirs,
validation-rir,validation,motus,motus_0381_4_raw_rirs,
validation-rir,validation,motus,motus_0386_4_raw_rirs,
validation-rir,validation,motus,motus_0405_4_raw_rirs,
validation-rir,validation,motus,motus_0417_1_raw_rirs,
validation-rir,validation,motus,motus_0418_1_raw_rirs,
validation-rir,validation,motus,motus_0436_2_raw_rirs,
validation-rir,validation,motus,motus_0439_1_raw_rirs,
validation-rir,validation,motus,motus_0440_1_raw_rirs,
validation-rir,validation,motus,motus_0457_3_raw_rirs,
validation-rir,validation,motus,motus_0467_1_raw_rirs,
validation-rir,validation,motus,motus_0469_1_raw_rirs,
validation-rir,validation,motus,motus_0489_1_raw_rirs,
validation-rir,validation,motus,motus_0493_4_raw_rirs,
validation-rir,validation,motus,motus_0518_4_raw_rirs,
validation-rir,validation,motus,motus_0522_1_raw_rirs,
validation-rir,validation,motus,motus_0529_3_raw_rirs,
validation-rir,validation,motus,motus_0568_1_raw_rirs,
validation-rir,validation,motus,motus_0575_1_raw_rirs,
validation-rir,validation,motus,motus_0577_1_raw_rirs,
validation-rir,validation,motus,motus_0579_1_raw_rirs,
validation-rir,validation,motus,motus_0584_3_raw_rirs,
validation-rir,validation,motus,motus_0585_1_raw_rirs,
validation-rir,validation,motus,motus_0599_3_raw_rirs,
validation-rir,validation,motus,motus_0614_1_raw_rirs,
validation-rir,validation,motus,motus_0619_2_raw_rirs,
validation-rir,validation,motus,motus_0718_1_raw_rirs,
validation-rir,validation,motus,motus_0724_2_raw_rirs,
validation-rir,validation,motus,motus_0728_3_raw_rirs,
validation-rir,validation,motus,motus_0738_1_raw_rirs,
validation-rir,validation,motus,motus_0787_2_raw_rirs,
validation-rir,validation,motus,motus_0795_1_raw_rirs,
validation-rir,validation,motus,motus_0795_3_raw_rirs,
validation-rir,validation,motus,motus_0796_1_raw_rirs,
validation-rir,validation,motus,motus_0797_3_raw_rirs,
validation-rir,validation,motus,motus_0798_1_raw_rirs,
validation-rir,validation,motus,motus_0798_3_raw_rirs,
validation-rir,validation,motus,motus_0799_1_raw_rirs,
validation-rir,validation,motus,motus_0799_3_raw_rirs,
validation-rir,validation,motus,motus_0800_3_raw_rirs,
validation-rir,validation,motus,motus_0801_1_raw_rirs,
validation-rir,validation,motus,motus_0803_3_raw_rirs,
validation-rir,validation,motus,motus_0807_3_raw_rirs,
validation-rir,validation,motus,motus_0809_1_raw_rirs,
validation-rir,validation,motus,motus_0810_1_raw_rirs,
validation-rir,validation,motus,motus_0811_1_raw_rirs,
validation-rir,validation,motus,motus_0813_3_raw_rirs,
validation-rir,validation,motus,motus_0814_1_raw_rirs,
validation-rir,validation,motus,motus_0814_3_raw_rirs,
validation-rir,validation,motus,motus_0817_3_raw_rirs,
validation-rir,validation,motus,motus_0818_1_raw_rirs,
validation-rir,validation,motus,motus_0818_3_raw_rirs,
validation-rir,validation,motus,motus_0819_1_raw_rirs,
validation-rir,validation,motus,motus_0819_3_raw_rirs,
validation-rir,validation,motus,motus_0821_1_raw_rirs,
validation-rir,validation,motus,motus_0822_1_raw_rirs,
validation-rir,validation,motus,motus_0823_3_raw_rirs,
validation-rir,validation,motus,motus_0825_1_raw_rirs,
validation-rir,validation,motus,motus_0825_3_raw_rirs,
validation-rir,validation,motus,motus_0826_1_raw_rirs,
validation-rir,validation,motus,motus_0826_3_raw_rirs,
validation-rir,validation,motus,motus_0827_1_raw_rirs,
validation-rir,validation,motus,motus_0828_1_raw_rirs,
validation-rir,validation,motus,motus_0830_3_raw_rirs,
